Hybridization REF,CAPS,DHRS4,DNAH9,GRHL2,NOXO1,PCDHB6,PCDHGB1,PXMP4,SLC12A9
TCGA-BH-A0AZ,0.567082443,0.288830435,0.39247796,0.46818983,0.323376042,0.421007601,0.416102516,0.138664189,0.234415681
TCGA-BH-A1EX,0.497386834,0.31832683,0.326661374,0.396114226,0.265024394,0.345310587,0.511110263,0.110095191,0.209543176
TCGA-B6-A0RN,0.479283336,0.316484607,0.372370316,0.406163226,0.382341737,0.366073063,0.539463431,0.255656313,0.214025081
TCGA-E2-A1BC,0.729231621,0.33003166,0.409526504,0.5721793,0.290156467,0.410766603,0.356650258,0.171995253,0.30351498
TCGA-OL-A5DA,0.513733446,0.315662002,0.402131907,0.398368215,0.472950035,0.530119882,0.561829459,0.17229693,0.24447157
TCGA-AR-A2LO,0.549605823,0.315297469,0.463519426,0.440533088,0.351787328,0.470788056,0.504214642,0.163052318,0.2483194
TCGA-AR-A24P,0.521401434,0.358912593,0.385923072,0.438623347,0.333797107,0.502540232,0.532255066,0.191319145,0.239582881
TCGA-E2-A1IN,0.473577941,0.313401653,0.420523628,0.362752481,0.247685622,0.502305299,0.49969124,0.169012687,0.214461757
TCGA-E2-A1LH,0.595786222,0.335435419,0.440776476,0.416325886,0.258016748,0.394402407,0.485342989,0.169494159,0.283186332
TCGA-BH-A2L8,0.627824525,0.336899326,0.415434346,0.461743619,0.40164772,0.527011304,0.47380682,0.200395891,0.289380476
TCGA-D8-A1JN,0.496520628,0.280094949,0.321978622,0.351760812,0.515021142,0.720664385,0.692704517,0.230525994,0.182420283
TCGA-E9-A5FK,0.692993114,0.340169834,0.445855088,0.463057408,0.419873158,0.47230932,0.498124177,0.281939946,0.295470042
TCGA-E9-A247,0.463681111,0.349608847,0.581637002,0.389320015,0.476426044,0.530274494,0.685674643,0.185290823,0.199518212
TCGA-EW-A1PB,0.75861749,0.341676667,0.307251313,0.379929631,0.360790155,0.648787495,0.527445082,0.142695689,0.221829877
TCGA-AC-A3EH,0.469204934,0.323354001,0.517617368,0.375255422,0.652293973,0.685079344,0.513062053,0.182183218,0.196394492
TCGA-D8-A1XK,0.503390792,0.336311224,0.574708753,0.353209736,0.288292364,0.502268095,0.581697397,0.163460156,0.151942951
TCGA-OL-A5RY,0.702963888,0.42366307,0.438756202,0.470752037,0.462575394,0.538077293,0.452506115,0.206167332,0.299108872
TCGA-A2-A1FW,0.682168353,0.329285494,0.259344025,0.369289572,0.281274384,0.521293829,0.716410393,0.77646041,0.432695729
TCGA-AR-A24Q,0.486874687,0.326541639,0.364552095,0.381842211,0.279016942,0.74674667,0.609507635,0.134214603,0.23216485
TCGA-C8-A275,0.665534324,0.355803836,0.408828225,0.405447709,0.547754508,0.720825164,0.618356797,0.168852247,0.249790269
TCGA-C8-A1HK,0.435613681,0.31140581,0.228525251,0.363842409,0.507708514,0.527311102,0.520906102,0.574686067,0.211541008
TCGA-LL-A5YM,0.649188449,0.311973569,0.411634809,0.418221438,0.550707268,0.706712769,0.656662926,0.223218942,0.319722029
TCGA-BH-A5IZ,0.509866492,0.344068007,0.333286224,0.390065534,0.231523227,0.694674469,0.617816712,0.147573227,0.214700403
TCGA-D8-A1Y2,0.659688283,0.302914076,0.403311611,0.394797656,0.360368385,0.445973624,0.453815651,0.135439077,0.261845994
TCGA-D8-A1Y3,0.510148727,0.375970593,0.658165785,0.405437667,0.556379306,0.593950697,0.656941246,0.283169859,0.270709789
TCGA-AR-A24V,0.515570741,0.318129084,0.30629011,0.413029586,0.302969968,0.411498962,0.414366413,0.148599362,0.252540674
TCGA-BH-A0HX,0.574669515,0.312023818,0.284489569,0.379737723,0.484228769,0.368282096,0.43896914,0.209419802,0.260897099
TCGA-A7-A0D9,0.779579123,0.335115982,0.415533337,0.518338074,0.344217818,0.427811028,0.330843952,0.180552989,0.277539886
TCGA-AQ-A0Y5,0.468224474,0.309122098,0.471745456,0.407802101,0.467293016,0.496602299,0.511208242,0.123719313,0.223060219
TCGA-BH-A0E0,0.618763694,0.286122392,0.411327321,0.495777059,0.492520052,0.441645879,0.408601608,0.183714111,0.264771154
TCGA-E9-A228,0.522948989,0.388283619,0.476772113,0.489568189,0.496136501,0.77484712,0.739889093,0.234743876,0.333904583
TCGA-AO-A0JI,0.599756462,0.32383367,0.430342042,0.387740323,0.414257158,0.62372585,0.691035073,0.452703102,0.259361371
TCGA-B6-A409,0.555556547,0.370488395,0.459882813,0.409964773,0.272632914,0.389930462,0.535187563,0.11673194,0.235521683
TCGA-EW-A1PA,0.508403335,0.308732459,0.373696711,0.383704006,0.456689469,0.646039769,0.567066249,0.206787467,0.212349579
TCGA-C8-A1HO,0.401670811,0.300475543,0.599207148,0.34817424,0.395577329,0.619345688,0.662047269,0.1876354,0.341503087
TCGA-A2-A3XX,0.552022856,0.575473925,0.615839149,0.425909688,0.454500655,0.727476275,0.613435615,0.11572155,0.235212816
TCGA-AR-A1AL,0.59862414,0.328250052,0.41009903,0.427858241,0.534199465,0.373980055,0.417870588,0.131647259,0.241311705
TCGA-BH-A1FC,0.690706776,0.33801289,0.411176878,0.515718974,0.368412394,0.430607617,0.381998926,0.185889053,0.272416476
TCGA-GM-A3NW,0.52467208,0.304845871,0.364783699,0.394717342,0.458719269,0.427253732,0.479684535,0.150906491,0.280778517
TCGA-AQ-A54O,0.482683683,0.306089272,0.346736813,0.396175247,0.486173754,0.4867709,0.52098108,0.106127398,0.221634573
TCGA-D8-A27V,0.688196431,0.325691538,0.256021844,0.396157354,0.343069021,0.299452738,0.4461183,0.180859055,0.253039519
TCGA-AR-A2LR,0.363956931,0.336334299,0.517858902,0.416741087,0.211935956,0.795491203,0.68835105,0.57215516,0.187362125
TCGA-A2-A0T1,0.744314294,0.355252265,0.360269665,0.423250863,0.346896722,0.391792878,0.335684411,0.446124554,0.282756833
TCGA-B6-A400,0.578198465,0.307423017,0.319913245,0.402510586,0.440195483,0.708880293,0.621598852,0.126529696,0.23658806
TCGA-BH-A1FG,0.628597851,0.299396041,0.398465863,0.475779229,0.29471532,0.403001293,0.353557542,0.166280398,0.249005155
TCGA-D8-A1XW,0.538452222,0.282989512,0.283825177,0.350747189,0.381951491,0.550999303,0.499630036,0.093301798,0.192691143
TCGA-AO-A03L,0.511588823,0.349293416,0.343328498,0.420400316,0.400414694,0.411756264,0.649276291,0.240675063,0.360257101
TCGA-D8-A1XR,0.521276311,0.300229136,0.205662889,0.345932944,0.255204806,0.38561545,0.37482266,0.168546543,0.19901037
TCGA-E2-A1B5,0.621805956,0.30100858,0.396758235,0.478257752,0.412337333,0.45091399,0.39621236,0.135196655,0.246933866
TCGA-A2-A4S2,0.52017009,0.334852835,0.419617571,0.424482364,0.426248652,0.472691754,0.602442773,0.148350751,0.241013966
TCGA-E9-A1RI,0.773741164,0.393266338,0.410850478,0.509679461,0.318481492,0.422932791,0.375280001,0.191409397,0.28783034
TCGA-D8-A27I,0.608894593,0.328711296,0.391098434,0.441784959,0.324678288,0.376250026,0.375315711,0.187609125,0.277288588
TCGA-A2-A1FZ,0.598993495,0.348853238,0.420693649,0.451532625,0.349941511,0.530469036,0.509505624,0.221614726,0.296433891
TCGA-A7-A0CH,0.708887755,0.326787024,0.426784925,0.497200839,0.328506432,0.597059594,0.457281932,0.181288611,0.299677303
TCGA-OL-A5RV,0.503211149,0.355126671,0.347981249,0.413987558,0.350170367,0.429900653,0.442692535,0.167723386,0.212016108
TCGA-PE-A5DE,0.726110441,0.34604476,0.405089132,0.445594025,0.405934013,0.376698489,0.459986849,0.230099274,0.311339725
TCGA-D8-A1JS,0.412906922,0.321699629,0.30263932,0.370164342,0.590925932,0.461184362,0.570970195,0.110811788,0.235751094
TCGA-GI-A2C8,0.558796365,0.328018414,0.391020127,0.412262775,0.375134293,0.460632548,0.544992445,0.438778424,0.24907027
TCGA-E2-A1L7,0.588256642,0.298399031,0.395179526,0.432622978,0.34783169,0.494074113,0.390880418,0.196377613,0.237172138
TCGA-D8-A1XT,0.59099507,0.336935116,0.42740123,0.423124739,0.304334296,0.338356901,0.448169556,0.461557028,0.220443423
TCGA-A2-A0T5,0.448228182,0.290312952,0.303996425,0.382337967,0.626671377,0.535886625,0.509277953,0.167030644,0.196468999
TCGA-AR-A24H,0.406798284,0.324123738,0.27531203,0.349068936,0.19648601,0.493788029,0.709245798,0.350927068,0.213365294
TCGA-E2-A15K,0.676702763,0.32962398,0.407232807,0.500031869,0.332991788,0.381779909,0.338300099,0.179841651,0.267447363
TCGA-E9-A1RF,0.797063075,0.400227044,0.502611369,0.652777995,0.385062567,0.508622259,0.47419746,0.280164708,0.368136944
TCGA-A7-A13E,0.731409175,0.311828941,0.418664398,0.480169613,0.34181409,0.430177551,0.368394167,0.206645263,0.267838543
TCGA-OL-A66K,0.480318882,0.299489027,0.408913035,0.402384862,0.259706583,0.586932153,0.5855545,0.128314159,0.228557529
TCGA-GM-A2DC,0.57264274,0.339612834,0.416719974,0.369456897,0.448514128,0.37970588,0.517236481,0.212966357,0.279457109
TCGA-OL-A5RX,0.520442365,0.330289006,0.371872585,0.432854515,0.372539168,0.486908613,0.507444355,0.188591355,0.215563853
TCGA-LL-A50Y,0.516707717,0.312330777,0.42582441,0.404540738,0.280957691,0.628658903,0.562450734,0.22989267,0.242712337
TCGA-B6-A40C,0.548588523,0.293527857,0.449687242,0.399718644,0.312786797,0.432553109,0.565204279,0.14617338,0.217348685
TCGA-AO-A12G,0.538659539,0.305259316,0.460972952,0.407582779,0.450334831,0.573974135,0.532511057,0.159545595,0.230873553
TCGA-BH-A1F6,0.695548115,0.322912948,0.408483708,0.484070062,0.356639251,0.411052699,0.358661084,0.173312776,0.266589952
TCGA-E9-A229,0.543385037,0.302812563,0.330920416,0.430402059,0.271895148,0.356823248,0.513210308,0.19665784,0.234557677
TCGA-A2-A1G6,0.51842174,0.262511104,0.406896942,0.428886881,0.414594096,0.419418822,0.408253682,0.142610301,0.209759846
TCGA-A2-A0YG,0.736114464,0.364984536,0.434896544,0.374477011,0.421897571,0.622445624,0.693341609,0.738898721,0.305549701
TCGA-BH-A202,0.519158585,0.33954648,0.381603997,0.366338422,0.549836124,0.620785276,0.507997703,0.543290692,0.247904708
TCGA-EW-A1OV,0.627970027,0.343217854,0.434084172,0.409510601,0.285504235,0.555649119,0.541170347,0.47544156,0.273190139
TCGA-AO-A03N,0.657566046,0.313389895,0.284311521,0.419724522,0.590636785,0.438543164,0.624819617,0.392569491,0.214771599
TCGA-E9-A3QA,0.726484976,0.341442335,0.427006941,0.420032096,0.33539616,0.536948645,0.439566146,0.172224875,0.298340117
TCGA-AR-A1AR,0.584337411,0.324521274,0.500129332,0.429891134,0.293441954,0.414012163,0.561966955,0.158673928,0.233906547
TCGA-GM-A5PV,0.509004906,0.29842471,0.30585759,0.396595801,0.324043068,0.324274681,0.424217699,0.179637144,0.228345557
TCGA-BH-A0W3,0.489387799,0.296678318,0.357208849,0.368141208,0.220511865,0.520649647,0.533956092,0.186774036,0.212381322
TCGA-A2-A0SV,0.523647832,0.332689684,0.350681295,0.381652802,0.310675847,0.419899333,0.570054956,0.201345799,0.223949904
TCGA-BH-A1ES,0.631576002,0.31184128,0.394166995,0.479144481,0.27168387,0.420366635,0.371151851,0.127626693,0.26060273
TCGA-A2-A0YF,0.454758912,0.364983459,0.348118506,0.388033276,0.270823175,0.46040273,0.580689145,0.189957306,0.196451484
TCGA-AC-A23E,0.691048171,0.30928671,0.427708663,0.430586752,0.356882047,0.39695499,0.469530974,0.29059956,0.269921881
TCGA-AO-A0JA,0.531122371,0.348360908,0.410608523,0.413469148,0.446234547,0.756533405,0.609438654,0.642272567,0.24311861
TCGA-D8-A1XZ,0.452247744,0.302460769,0.426080129,0.373886446,0.357265228,0.570104946,0.566553713,0.12747559,0.239627882
TCGA-BH-A0HP,0.646881918,0.282227606,0.364740042,0.42049157,0.485791423,0.504854014,0.531308652,0.304100894,0.252274686
TCGA-E9-A295,0.511253174,0.334635624,0.469218858,0.3828925,0.403100104,0.445081239,0.553067139,0.128281566,0.264371481
TCGA-A2-A25C,0.547341125,0.332434031,0.371480032,0.432988877,0.362861487,0.409132304,0.554669764,0.201011185,0.234279947
TCGA-E9-A24A,0.544984096,0.311471553,0.363394938,0.414947382,0.337223745,0.469560836,0.484213165,0.184039674,0.266136387
TCGA-B6-A0WV,0.423103646,0.297261012,0.29920021,0.389303614,0.364344687,0.326884009,0.566120462,0.140487372,0.204924947
TCGA-E9-A1NH,0.511327597,0.311391516,0.358061612,0.439444063,0.466741156,0.52375224,0.527415919,0.251625148,0.232591248
TCGA-A2-A0T4,0.579714711,0.322163454,0.510272674,0.445306197,0.55319483,0.629751059,0.538520401,0.161127456,0.285444861
TCGA-AR-A5QP,0.597971113,0.355973096,0.403608797,0.428759175,0.43703357,0.505439993,0.511259077,0.180951774,0.224763362
TCGA-E2-A1II,0.635409966,0.298634857,0.396446006,0.490838703,0.315070059,0.422981671,0.356521551,0.150322533,0.249088019
TCGA-AR-A2LK,0.44846926,0.323201616,0.489177214,0.331433316,0.543837351,0.537186081,0.561929013,0.475564936,0.223911639
TCGA-D8-A1XO,0.535572345,0.323463267,0.328325459,0.426424899,0.303513513,0.459252541,0.470153654,0.172326268,0.22627647
TCGA-A1-A0SF,0.518705897,0.300116902,0.391675209,0.397050234,0.302238894,0.412875899,0.483339078,0.239119956,0.23114658
TCGA-B6-A1KC,0.427823222,0.368690046,0.472357211,0.429330141,0.424207126,0.523742372,0.668945602,0.193345005,0.266562669
TCGA-AN-A0XT,0.53625542,0.287561733,0.297389215,0.385564584,0.227104342,0.363963706,0.448254119,0.161074537,0.213832305
TCGA-AR-A5QN,0.51038106,0.30139108,0.587150543,0.418286387,0.489588063,0.622113862,0.525109075,0.261585638,0.247666886
TCGA-BH-A0DS,0.552236978,0.304527924,0.601313349,0.378683627,0.618222475,0.582436342,0.634802421,0.221914665,0.259399
TCGA-GM-A2DI,0.764757579,0.352324472,0.434141963,0.48675633,0.398379195,0.458613444,0.475172626,0.202757887,0.311193423
TCGA-AC-A5EH,0.563506138,0.298042609,0.40276478,0.459681683,0.445175855,0.372724956,0.348216238,0.365427962,0.265750422
TCGA-BH-A0C3,0.576103797,0.337060043,0.390461537,0.460754883,0.308268698,0.364314274,0.339141142,0.145955934,0.240136472
TCGA-D8-A1JA,0.424364711,0.298895085,0.321999299,0.376321782,0.25632446,0.326269696,0.625570579,0.08396898,0.200663237
TCGA-E9-A1N9,0.639346316,0.365442816,0.442045073,0.410330274,0.454390892,0.51605853,0.568081086,0.399714298,0.301900262
TCGA-EW-A1PG,0.629030989,0.309862693,0.401888141,0.451474068,0.371489642,0.448148664,0.419640107,0.170955544,0.246976363
TCGA-EW-A1IW,0.499663709,0.352426029,0.523425533,0.412826198,0.577065972,0.656271104,0.571774684,0.43484782,0.217380189
TCGA-A2-A25A,0.685863955,0.325507121,0.391518098,0.475889702,0.40193386,0.41543061,0.476471724,0.31249616,0.254932721
TCGA-B6-A402,0.466133499,0.325383549,0.51584015,0.382884377,0.190413708,0.284786026,0.602685906,0.08294866,0.195527814
TCGA-AR-A24K,0.430054612,0.310953353,0.342249739,0.353767134,0.298152257,0.552489401,0.58317492,0.216447132,0.180311578
TCGA-C8-A1HF,0.525628634,0.316430621,0.367486104,0.396507178,0.501480306,0.624676007,0.593741884,0.142170293,0.218913568
TCGA-B6-A2IU,0.512094909,0.34061543,0.280974562,0.41933653,0.337544437,0.303065099,0.445337283,0.256321854,0.311551616
TCGA-GM-A2DA,0.665635993,0.320813277,0.356672535,0.439164806,0.541674133,0.420758611,0.551093503,0.235616303,0.271428829
TCGA-BH-A0BF,0.642211615,0.300545867,0.393947716,0.486674404,0.375341361,0.482406401,0.408920774,0.154792501,0.268189113
TCGA-A2-A0YD,0.610050601,0.404669581,0.40026953,0.455916126,0.601516236,0.524436334,0.569186353,0.2197202,0.260999525
TCGA-BH-A1FM,0.616748861,0.292928975,0.388763381,0.467150319,0.359579347,0.386563085,0.32502926,0.129585247,0.242998463
TCGA-A7-A5ZW,0.607023927,0.336961051,0.404655389,0.456350621,0.439141906,0.413911748,0.452962794,0.163118107,0.25908039
TCGA-AO-A12E,0.512897383,0.307798202,0.520377751,0.410543361,0.363202647,0.665632453,0.57787199,0.221123438,0.212390334
TCGA-AQ-A04H,0.556520979,0.323750316,0.509084078,0.403315681,0.570518913,0.507320699,0.738255826,0.20676712,0.400898176
TCGA-E9-A3Q9,0.622033634,0.290020345,0.402951877,0.399196115,0.576403126,0.305686216,0.395641712,0.166254214,0.257804139
TCGA-B6-A0RU,0.633546133,0.309189249,0.370785875,0.416726521,0.316828181,0.606611805,0.594827033,0.119758562,0.225871167
TCGA-AN-A0XL,0.553617161,0.31631993,0.378234322,0.420566519,0.528871613,0.315248967,0.273964324,0.200779229,0.23600253
TCGA-EW-A1P6,0.448481936,0.28654609,0.280749625,0.344212782,0.310441722,0.349814972,0.438311502,0.170778786,0.213717787
TCGA-A2-A3XV,0.711707233,0.325885726,0.402214004,0.414267313,0.272307788,0.655478506,0.615389723,0.141123255,0.289757469
TCGA-AR-A1AW,0.667065554,0.359889226,0.493189261,0.450445471,0.380853082,0.632778602,0.526054574,0.1659474,0.309124901
TCGA-A2-A0T2,0.532991684,0.338884399,0.22386474,0.365638994,0.194536025,0.778567179,0.648991522,0.171638105,0.189208431
TCGA-E2-A3DX,0.672602967,0.345773106,0.393186463,0.474226091,0.448317667,0.433916465,0.420653564,0.17735623,0.298122709
TCGA-EW-A1J5,0.510941897,0.322035468,0.344279742,0.401364694,0.390234587,0.357839746,0.37489019,0.518789197,0.220817025
TCGA-B6-A0X5,0.378677337,0.319338382,0.160920343,0.345337914,0.622902409,0.201519886,0.203391232,0.153784941,0.181829107
TCGA-AO-A0JE,0.579042616,0.324836325,0.430720152,0.452721035,0.416698035,0.418246774,0.593261078,0.202826773,0.302875834
TCGA-OK-A5Q2,0.643064047,0.409557393,0.462875343,0.480147435,0.428389201,0.576511323,0.540150633,0.171090491,0.29077827
TCGA-D8-A1JC,0.526950537,0.309029205,0.241518045,0.364254857,0.331747585,0.209511559,0.192338757,0.15757595,0.219856856
TCGA-GM-A5PX,0.56947384,0.336102113,0.321608311,0.450968977,0.392772984,0.541056001,0.477323643,0.188593953,0.252246125
TCGA-C8-A278,0.642309751,0.345209364,0.404007929,0.443086136,0.501530113,0.593618336,0.524366791,0.376306154,0.25371732
TCGA-EW-A1PD,0.472208008,0.279879036,0.482483553,0.38098638,0.266394135,0.445117413,0.560069067,0.120645714,0.211091733
TCGA-BH-A0WA,0.544345301,0.309695455,0.41940579,0.391454349,0.241653043,0.795877904,0.633032661,0.109594568,0.226880979
TCGA-BH-A0B6,0.591384494,0.337129903,0.387649849,0.405313703,0.461648623,0.455941072,0.436642054,0.414356471,0.277817749
TCGA-GM-A3XN,0.649576749,0.325765673,0.422102592,0.48080803,0.328142303,0.507772091,0.482975368,0.185961228,0.265819948
TCGA-A2-A0T7,0.556245657,0.315573841,0.340817925,0.378674978,0.39494616,0.539579286,0.534376743,0.138651852,0.24745919
TCGA-GM-A2DF,0.671277265,0.380623446,0.432369723,0.442132907,0.495301604,0.577315566,0.466367411,0.384644264,0.272102014
TCGA-AC-A2QH,0.79979986,0.357038027,0.321081776,0.765449664,0.677908751,0.560180117,0.682514061,0.342549583,0.237624948
TCGA-D8-A1XS,0.442356236,0.295682508,0.298113858,0.347546257,0.569648035,0.39050767,0.417034367,0.095723363,0.206752967
TCGA-EW-A1P7,0.743750567,0.348099857,0.404913146,0.445599062,0.359514285,0.528470103,0.442598738,0.173656973,0.293606752
TCGA-A1-A0SP,0.598163044,0.309051104,0.485538996,0.397596359,0.328633211,0.418770814,0.584603298,0.313495974,0.22221088
TCGA-A7-A26G,0.562851133,0.328151776,0.466414209,0.428522129,0.339533077,0.423327529,0.504991377,0.149919307,0.28000954
TCGA-AO-A1KT,0.52425624,0.285853314,0.384156137,0.382587873,0.47716302,0.383166844,0.501177353,0.086487326,0.206945529
TCGA-AR-A1AN,0.632830216,0.334111535,0.361913523,0.456740799,0.318636433,0.472955279,0.531816738,0.168212282,0.303461327
TCGA-B6-A0RG,0.397988093,0.279346557,0.167963741,0.355586089,0.206177739,0.158031449,0.550255226,0.170848768,0.303018693
TCGA-C8-A26Y,0.671331815,0.354432199,0.304370113,0.414242262,0.523299499,0.328242591,0.591547588,0.387022015,0.307455751
TCGA-BH-A42T,0.459676936,0.321191991,0.415373598,0.359983421,0.270695317,0.578398725,0.611191954,0.170952509,0.234396961
TCGA-A7-A5ZX,0.488352569,0.2866017,0.405104913,0.417450607,0.421541143,0.50804018,0.502807025,0.136107354,0.215527065
TCGA-BH-A0H0,0.761589629,0.308369486,0.349816769,0.394782554,0.37521965,0.375351859,0.454538418,0.274770164,0.374887343
TCGA-A7-A0CE,0.638432083,0.316893112,0.447570485,0.459262029,0.441486616,0.428600794,0.422772465,0.149458463,0.257461921
TCGA-E9-A1R4,0.559478469,0.291302779,0.331644414,0.380475586,0.281808678,0.385900414,0.447204041,0.17887307,0.259070023
TCGA-A2-A0SX,0.517574086,0.317056824,0.365148345,0.377582284,0.30920343,0.717433376,0.600154116,0.120701112,0.235341807
TCGA-D8-A1J9,0.545660752,0.288004552,0.366339198,0.378528215,0.349829215,0.505971282,0.590760146,0.193934353,0.217609571
TCGA-A7-A5ZV,0.407918,0.361949901,0.491546124,0.371322394,0.288308195,0.822210672,0.682650299,0.680532425,0.188932456
TCGA-A2-A25B,0.482882103,0.335934317,0.252396707,0.385806806,0.50192409,0.387882261,0.415423219,0.707296169,0.320174419
TCGA-A2-A3XU,0.367879086,0.29702665,0.461638263,0.276171705,0.148543223,0.836190102,0.654160579,0.079781153,0.15106639
TCGA-AR-A256,0.402909725,0.223795087,0.419570022,0.319520001,0.09785997,0.80435148,0.556604057,0.085839313,0.156919933
TCGA-AC-A5XU,0.494788557,0.343862524,0.379549921,0.431657099,0.36224119,0.502560066,0.680106508,0.291085652,0.204369333
TCGA-EW-A2FW,0.412696286,0.299646999,0.285923091,0.382566252,0.665266431,0.346611641,0.431684845,0.131524897,0.201104373
TCGA-E9-A22E,0.566854,0.379594205,0.398496635,0.475080328,0.346654179,0.718463083,0.62279327,0.193845786,0.345258586
TCGA-E9-A5UP,0.370847928,0.294432923,0.344370271,0.361087314,0.480736031,0.540189236,0.571237382,0.224085819,0.202161339
TCGA-A7-A26H,0.516733372,0.320038809,0.422052818,0.400903645,0.357892272,0.635600289,0.611017367,0.234028611,0.267928697
TCGA-A2-A4RX,0.58057668,0.387223401,0.41419652,0.428432962,0.443971058,0.719383918,0.605905206,0.127418947,0.298497525
TCGA-AC-A3YI,0.609102469,0.329046247,0.394787796,0.444725265,0.359248974,0.421868055,0.409602298,0.19869345,0.243570449
TCGA-A2-A0CK,0.510486927,0.312213638,0.387489943,0.395119969,0.456676454,0.463488254,0.50842583,0.409387462,0.242533323
TCGA-EW-A1P8,0.592473676,0.314123108,0.424216516,0.375036969,0.261667699,0.722909855,0.591849457,0.198446571,0.203788013
TCGA-BH-A1EN,0.717591602,0.311177248,0.411920565,0.515632827,0.376942367,0.46434953,0.385487637,0.198867763,0.287766825
TCGA-A2-A0SW,0.652563497,0.309548777,0.377095145,0.399720193,0.521718109,0.508256706,0.502614791,0.152040813,0.249404876
TCGA-E9-A248,0.720884423,0.367492559,0.373405008,0.437560879,0.505161955,0.47736724,0.587242433,0.310422916,0.326331843
TCGA-E2-A1LE,0.498995473,0.350310627,0.419795147,0.44319945,0.448961254,0.673861374,0.593909686,0.515628753,0.266683465
TCGA-OL-A5D6,0.738195217,0.344007698,0.424006352,0.47167013,0.550218776,0.582320252,0.569103298,0.147624965,0.263028969
TCGA-AQ-A1H3,0.535028648,0.321828239,0.405961178,0.396401676,0.373475921,0.451284286,0.533177458,0.157742824,0.227858069
TCGA-A2-A0EP,0.812294276,0.380228775,0.449343646,0.498454916,0.376006035,0.480325991,0.53869563,0.206408873,0.30175761
TCGA-EW-A2FR,0.630893657,0.313121087,0.366319843,0.501897717,0.325256595,0.497015848,0.444107069,0.381806417,0.239872686
TCGA-BH-A0RX,0.769976236,0.392822993,0.445690117,0.454857194,0.35307019,0.586183273,0.472245501,0.182244986,0.273939123
TCGA-E9-A1RH,0.74286628,0.328249402,0.421876328,0.54663974,0.325161113,0.380870966,0.36518952,0.197399988,0.301816663
TCGA-D8-A27P,0.466385767,0.291885005,0.33226819,0.41474167,0.326470671,0.421711351,0.385718537,0.15173912,0.212776267
TCGA-OL-A5S0,0.558384848,0.342855875,0.462713919,0.409989418,0.24591198,0.670717758,0.569605598,0.123505328,0.239713548
TCGA-AO-A0JJ,0.653108811,0.314850099,0.397313294,0.429518607,0.376329072,0.45030992,0.492038467,0.173068111,0.298664163
TCGA-E2-A14N,0.732842352,0.332082461,0.453530624,0.431444653,0.371602524,0.567935904,0.491751029,0.196625109,0.27364329
TCGA-AO-A129,0.619292542,0.362903785,0.427149194,0.41707166,0.296343085,0.715632537,0.557126862,0.156399538,0.279879874
TCGA-D8-A1XU,0.543223318,0.28109042,0.418970545,0.415162483,0.444489504,0.687495317,0.589565215,0.175233271,0.243470403
TCGA-A1-A0SN,0.556734533,0.33933209,0.47822575,0.397095548,0.368462159,0.511544697,0.497485102,0.542719079,0.261446373
TCGA-AR-A1AU,0.505362624,0.288303833,0.402535527,0.38808021,0.430613887,0.474070621,0.477096603,0.127670339,0.222990329
TCGA-A2-A0YT,0.456341566,0.309430853,0.342585943,0.3267075,0.398724784,0.269518676,0.356743174,0.440611256,0.227486128
TCGA-BH-A0DH,0.641321204,0.299292265,0.422968163,0.503661033,0.49835197,0.469585745,0.429086033,0.158576649,0.267441606
TCGA-E2-A1LI,0.671026503,0.323066615,0.42640569,0.458878927,0.419905405,0.454936361,0.400387338,0.172312967,0.258573527
TCGA-A2-A0YL,0.518329923,0.288163199,0.386991616,0.405266008,0.390322709,0.453814752,0.466558086,0.136365036,0.219873706
TCGA-AR-A2LM,0.597357247,0.323222176,0.412233967,0.435382756,0.616337475,0.408815796,0.474427177,0.168638524,0.249020419
TCGA-AR-A0U3,0.350874684,0.319020221,0.379685205,0.371803287,0.747390257,0.646440926,0.46823439,0.474298222,0.198782015
TCGA-D8-A27T,0.77263964,0.337878298,0.436410627,0.434976426,0.338428241,0.25578189,0.364767313,0.14519246,0.316708265
TCGA-GM-A2DH,0.737937715,0.345879705,0.518158581,0.432711724,0.567197349,0.527352148,0.536918744,0.389000529,0.283574488
TCGA-BH-A0HB,0.5941816,0.325160499,0.392466751,0.403831364,0.420999344,0.698741629,0.648747295,0.192784495,0.346207424
TCGA-A7-A4SD,0.658129422,0.340795339,0.289494345,0.416569206,0.278532396,0.407698974,0.511534336,0.118535199,0.244943009
TCGA-E9-A54Y,0.4084681,0.316103826,0.392383457,0.361923104,0.272485473,0.363442245,0.531478872,0.450158318,0.253933816
TCGA-A7-A13D,0.605464849,0.308170987,0.29228553,0.402274158,0.209288342,0.421690137,0.641150676,0.492138015,0.206257714
TCGA-C8-A26V,0.632894501,0.310779982,0.441426495,0.390401372,0.343208005,0.651515195,0.615157552,0.154778014,0.235933526
TCGA-D8-A27K,0.531028993,0.306210315,0.431329127,0.426567744,0.317120187,0.571113073,0.547194284,0.221614857,0.228910258
TCGA-BH-A0E2,0.534730595,0.292988493,0.413221251,0.357868951,0.377636946,0.563208339,0.674313805,0.123517518,0.233326422
TCGA-BH-A0DD,0.394036309,0.318231223,0.384578993,0.343514279,0.412414487,0.516875838,0.526257742,0.14512289,0.309784297
TCGA-D8-A1X5,0.511320751,0.313090763,0.363842445,0.374760004,0.263659691,0.391248341,0.5983161,0.345627385,0.300969878
TCGA-D8-A1JD,0.522218942,0.297741804,0.311656499,0.376992425,0.320438911,0.532258838,0.486181768,0.239933411,0.353627041
TCGA-A7-A26E,0.53982613,0.31046998,0.381695438,0.396884816,0.666886493,0.458096215,0.57735575,0.225991106,0.249480538
TCGA-AO-A03U,0.689608002,0.327282921,0.350028553,0.408032329,0.278805227,0.39458434,0.426195738,0.144088445,0.217366856
TCGA-AC-A2FG,0.627412076,0.311835142,0.41784398,0.497046972,0.343544038,0.439241859,0.444378639,0.158293441,0.269224482
TCGA-A2-A25E,0.465956102,0.314098726,0.269861296,0.402799608,0.281160169,0.282082844,0.283931203,0.235538353,0.233708933
TCGA-A1-A0SG,0.514492737,0.325518164,0.262315828,0.379966558,0.669222537,0.353929237,0.368251952,0.171088215,0.238667883
TCGA-AC-A2QJ,0.766155101,0.324613769,0.276985992,0.445892158,0.448938105,0.350476282,0.489758769,0.141099171,0.293595256
TCGA-BH-A0W5,0.655880437,0.366187402,0.39577565,0.417625074,0.479911785,0.472788006,0.431062384,0.185513057,0.298612065
TCGA-D8-A1XL,0.480873226,0.311092206,0.361038884,0.401795257,0.238089843,0.630677581,0.528837146,0.284508836,0.226909199
TCGA-BH-A0HI,0.60479309,0.331698556,0.417425049,0.433819441,0.324848892,0.403294357,0.474632348,0.225294669,0.294834085
TCGA-B6-A0WY,0.5633473,0.299730752,0.414662664,0.422421723,0.488272548,0.388103238,0.459590317,0.269977956,0.232811833
TCGA-AR-A24R,0.512398687,0.345198806,0.42314091,0.401260415,0.468164714,0.383424041,0.549754319,0.196177416,0.218172858
TCGA-D8-A1XM,0.555111457,0.312298292,0.387200106,0.415380252,0.429755875,0.442960812,0.492584806,0.154409197,0.260411846
TCGA-A2-A0SU,0.526864161,0.304288027,0.427133946,0.403301125,0.510137389,0.36585777,0.476601599,0.12392453,0.216611628
TCGA-BH-A1EO,0.798645227,0.328257904,0.405460927,0.544632191,0.321959035,0.445772659,0.363295975,0.190540139,0.303068994
TCGA-D8-A1XF,0.506610978,0.314803947,0.746091365,0.406560528,0.462784522,0.808657015,0.791658742,0.548770882,0.446263444
TCGA-LL-A5YO,0.809425186,0.378470052,0.441423333,0.446124329,0.451312254,0.455340858,0.458159746,0.243021284,0.306442848
TCGA-E9-A243,0.701930978,0.358371942,0.384498762,0.449812679,0.437164293,0.539034336,0.504770158,0.191161039,0.299008029
TCGA-AC-A5XS,0.674527504,0.310166072,0.313954538,0.464356524,0.370715937,0.347816065,0.552805577,0.147412208,0.248382286
TCGA-E9-A1N8,0.700408144,0.319391777,0.400345119,0.5061499,0.317983556,0.366905002,0.34029525,0.168232854,0.272977612
TCGA-OL-A5RU,0.61616216,0.354747751,0.386654961,0.455836558,0.350524641,0.481788148,0.520279816,0.192128558,0.309048873
TCGA-E2-A1LK,0.408876488,0.314381466,0.469630595,0.385371186,0.347296387,0.846768992,0.738914032,0.09097466,0.200077173
TCGA-E2-A56Z,0.431299092,0.302200752,0.345357151,0.358937532,0.339043079,0.255991977,0.375821112,0.185856914,0.200920604
TCGA-E9-A1R2,0.493107177,0.341884013,0.415861583,0.3985373,0.407379726,0.528543801,0.49615467,0.183266682,0.24303694
TCGA-A2-A1G1,0.685949213,0.326555656,0.359154668,0.396801807,0.253232381,0.512532212,0.538982547,0.145284893,0.258616426
TCGA-AR-A1AI,0.658431014,0.330030128,0.420689436,0.392634335,0.266472183,0.608896367,0.568431122,0.154492937,0.264628151
TCGA-BH-A0B3,0.667744848,0.32235665,0.421176183,0.480768124,0.364983945,0.418939728,0.383195448,0.166599284,0.272836779
TCGA-AR-A1AY,0.695662779,0.254661559,0.395248802,0.348065665,0.17521319,0.79948599,0.67839267,0.108300075,0.215476311
TCGA-E2-A15I,0.756340541,0.327221257,0.42240138,0.559970347,0.308230868,0.44299735,0.373741051,0.171962045,0.318046041
TCGA-B6-A0RT,0.82850742,0.373518307,0.50141967,0.447700583,0.374577374,0.551820936,0.450461035,0.222390424,0.328949267
TCGA-E9-A5FL,0.61211975,0.310452333,0.367721916,0.40999007,0.248059416,0.401401522,0.524719833,0.428585508,0.260819287
TCGA-B6-A401,0.587502984,0.322429071,0.350512582,0.444294209,0.359005752,0.631242669,0.536379445,0.217007778,0.272443545
TCGA-GM-A2D9,0.493942393,0.309530544,0.336438703,0.415097633,0.673983974,0.425752255,0.589796066,0.21631399,0.254708565
TCGA-C8-A26X,0.802113694,0.334977622,0.473237653,0.425814483,0.569303389,0.624390312,0.510293941,0.200516932,0.347035842
TCGA-E2-A1IE,0.480277852,0.356692675,0.566565556,0.396162936,0.512160993,0.494886158,0.6128834,0.234768528,0.230156774
TCGA-AR-A1AX,0.766420337,0.340559512,0.42928658,0.425959316,0.470442424,0.450069347,0.436122334,0.202183689,0.291970805
TCGA-D8-A1JU,0.727999151,0.312311371,0.360373409,0.476741059,0.407633281,0.420377135,0.404832676,0.172549086,0.303655193
TCGA-D8-A1Y1,0.47292696,0.311324576,0.400688452,0.391530053,0.346563108,0.425778206,0.555572784,0.14509014,0.202490073
TCGA-GM-A3NY,0.59109225,0.304727825,0.537515636,0.391350465,0.614371633,0.34508269,0.553698912,0.14249031,0.205459106
TCGA-AR-A0U2,0.490854509,0.307705225,0.525082211,0.331797787,0.331888886,0.489228166,0.68417989,0.092314387,0.318241847
TCGA-BH-A5J0,0.559943981,0.327705141,0.317830797,0.394650712,0.364724461,0.351471831,0.373054608,0.20505787,0.276796854
TCGA-E2-A2P6,0.419758204,0.29996633,0.386102902,0.37029541,0.404607486,0.670459149,0.56172273,0.158044699,0.222389264
TCGA-A1-A0SH,0.625367076,0.304778152,0.405189214,0.477280545,0.325949856,0.433063079,0.462568253,0.182431247,0.287082297
TCGA-AC-A3HN,0.704105402,0.407067939,0.42806399,0.457059423,0.410017028,0.675477513,0.50793442,0.184921593,0.2978009
TCGA-D8-A1JB,0.593008462,0.303784884,0.420384936,0.417725654,0.388922669,0.473235623,0.473899957,0.175192397,0.255784374
TCGA-BH-A0GY,0.505575091,0.322168724,0.304358978,0.356401782,0.47837324,0.566056637,0.616713078,0.255249925,0.223699768
TCGA-EW-A423,0.441384809,0.305615122,0.403201794,0.376429638,0.455528323,0.75338696,0.637795256,0.080138167,0.189643739
TCGA-E2-A1LL,0.63223251,0.350267149,0.272296224,0.423216051,0.429623924,0.542374716,0.58927126,0.187067262,0.224009842
TCGA-D8-A27R,0.59303604,0.330016007,0.405529731,0.404163579,0.288881506,0.560076993,0.492912963,0.135793428,0.265556243
TCGA-AR-A24O,0.659811914,0.30684868,0.377252278,0.462836714,0.296007122,0.492399343,0.486917752,0.225026462,0.263146825
TCGA-AO-A128,0.806948643,0.357286249,0.355235805,0.459159191,0.452701524,0.551150659,0.566541248,0.180363592,0.273034961
TCGA-A2-A3KD,0.511691336,0.307614907,0.351860224,0.445507889,0.35822743,0.432151227,0.435044142,0.153959272,0.226485108
TCGA-AR-A24Z,0.425752285,0.323290306,0.352976043,0.361452664,0.241446934,0.552510957,0.711416549,0.639140829,0.332273772
TCGA-E9-A1R5,0.44128271,0.299416104,0.361602883,0.373058243,0.277372812,0.46212771,0.644410449,0.160771733,0.20429335
TCGA-EW-A1P4,0.74934985,0.334750094,0.464689318,0.394939639,0.249931696,0.644067847,0.567423405,0.552080451,0.209322386
TCGA-BH-A1FL,0.494790345,0.297860409,0.262853595,0.354496771,0.272446887,0.493451719,0.63010665,0.166701714,0.198198935
TCGA-A2-A259,0.561661356,0.327582504,0.401019403,0.405948359,0.356509712,0.485562064,0.478169255,0.159152717,0.259178307
TCGA-E9-A1NA,0.661415117,0.311075128,0.405425309,0.48114162,0.326514776,0.414157229,0.378699824,0.16139477,0.256900439
TCGA-B6-A0X7,0.570639678,0.31174691,0.372094171,0.444555744,0.311534844,0.46096841,0.523872236,0.118911527,0.259538792
TCGA-EW-A1J6,0.508471673,0.302203171,0.423378925,0.34792751,0.289178854,0.457292461,0.479639777,0.102751111,0.198547713
TCGA-A8-A075,0.552267122,0.297420195,0.328034946,0.310108956,0.258147189,0.48250786,0.415685688,0.114323787,0.241120871
TCGA-GM-A2DB,0.778177685,0.327436374,0.399228791,0.433374251,0.519731781,0.639927329,0.557914756,0.175671508,0.280631577
TCGA-BH-A0BT,0.538243819,0.292440969,0.396245588,0.446572331,0.325517037,0.406276786,0.387072551,0.149146169,0.222729546
TCGA-A1-A0SK,0.243932072,0.273331307,0.564491001,0.356955795,0.12743738,0.887436528,0.760261347,0.052486457,0.125960926
TCGA-BH-A0H6,0.441246778,0.310318455,0.30019456,0.378298108,0.265783033,0.33535074,0.4268542,0.212119705,0.200319263
TCGA-AO-A0JF,0.643035815,0.334850721,0.366941184,0.431507218,0.420062831,0.416300543,0.416616629,0.215519467,0.265921313
TCGA-AR-A254,0.504089236,0.318644714,0.470054731,0.384170634,0.298885199,0.358155039,0.533180575,0.353679145,0.240791614
TCGA-E2-A108,0.743338033,0.360473436,0.444257859,0.459263856,0.463570455,0.472420509,0.474027293,0.181612635,0.313944987
TCGA-E2-A1LA,0.565990333,0.311921388,0.36987815,0.405803132,0.346739566,0.458722234,0.414518162,0.133868627,0.281681661
TCGA-AR-A1AV,0.397534839,0.344980174,0.386391712,0.378071893,0.252619646,0.758602965,0.671392239,0.184859137,0.182838175
TCGA-BH-A0H9,0.772133177,0.314925348,0.41776092,0.558685969,0.295694692,0.42038856,0.341627071,0.179507892,0.31806836
TCGA-A7-A3J1,0.54355137,0.316758092,0.345182741,0.427173279,0.343982195,0.403691157,0.436465741,0.152993917,0.248529077
TCGA-E9-A226,0.59562095,0.38670999,0.456603908,0.519141217,0.396048935,0.512565679,0.459244417,0.463448443,0.302408331
TCGA-A2-A0CR,0.756660697,0.334187079,0.459010482,0.475475742,0.481890312,0.514156879,0.487483504,0.199480755,0.300101329
TCGA-D8-A27W,0.709472605,0.305168256,0.364646455,0.387119713,0.356134579,0.40286261,0.52356388,0.146421983,0.376814252
TCGA-A1-A0SM,0.649359902,0.350004303,0.472970027,0.460656961,0.36540239,0.759934199,0.657583565,0.22684013,0.2597064
TCGA-AO-A0JB,0.41591893,0.273016179,0.498855176,0.344393015,0.152518825,0.445346461,0.435452272,0.1108379,0.1789591
TCGA-E2-A1AZ,0.596825025,0.341488099,0.414285631,0.424042184,0.295951254,0.76052248,0.627864609,0.474059625,0.240786043
TCGA-B6-A408,0.533129944,0.295832417,0.302591395,0.363728508,0.419345396,0.404956305,0.554240068,0.102484125,0.232305272
TCGA-B6-A0WW,0.481854578,0.377827024,0.45166506,0.372887571,0.526958563,0.361959628,0.590113526,0.647753086,0.229145869
TCGA-E9-A22A,0.666229089,0.394385922,0.519576894,0.5146155,0.569107362,0.635941796,0.559097982,0.251945894,0.329889794
TCGA-A7-A3J0,0.534898488,0.317818792,0.402456138,0.360353526,0.237999983,0.453518811,0.427899772,0.173409432,0.160915329
TCGA-A2-A4RW,0.570421187,0.299798801,0.415962324,0.431170125,0.365479516,0.620815785,0.510383559,0.201674736,0.257157295
TCGA-A2-A0YH,0.606655884,0.305304857,0.294508079,0.334996897,0.24779142,0.320637289,0.300574158,0.58678635,0.259049407
TCGA-E9-A1N5,0.592019847,0.307697518,0.3855175,0.439587068,0.349062856,0.452890356,0.420969237,0.144624407,0.231826918
TCGA-AC-A3TM,0.513797252,0.298328667,0.384294211,0.41979584,0.476963898,0.502468299,0.510591028,0.156533325,0.235731255
TCGA-BH-A0DI,0.571297762,0.306298289,0.384415552,0.412934287,0.326355441,0.532354846,0.474061475,0.108355508,0.20434871
TCGA-AO-A1KR,0.694882438,0.324620402,0.4305168,0.372341273,0.268790936,0.615762342,0.553636755,0.134778988,0.219714541
TCGA-AN-A0XP,0.497525824,0.321619501,0.324547761,0.426222484,0.318499215,0.402486773,0.542064904,0.256473618,0.268614586
TCGA-BH-A1ET,0.667730675,0.310732275,0.404904648,0.503870173,0.34893482,0.400876803,0.375297758,0.172389193,0.27633154
TCGA-AR-A2LJ,0.573854297,0.302557924,0.414011236,0.443173177,0.466462081,0.48956206,0.474144901,0.150907351,0.261594187
TCGA-AR-A24S,0.585120499,0.303757622,0.299325323,0.380482264,0.320798509,0.327399847,0.361069886,0.124029927,0.229684938
TCGA-D8-A1JT,0.349376641,0.348082721,0.289955231,0.353739173,0.361849454,0.3714369,0.430872353,0.201853451,0.203204799
TCGA-A7-A13F,0.682343218,0.309775702,0.389898737,0.494917196,0.34865938,0.4093088,0.378449368,0.15945787,0.260046934
TCGA-BH-A0DG,0.639859822,0.327591164,0.416409961,0.481029818,0.33563218,0.393925144,0.396660376,0.161913419,0.27117917
TCGA-A2-A0YC,0.65346934,0.322681652,0.366767147,0.422021641,0.575940083,0.391151492,0.450238735,0.279451342,0.239695172
TCGA-E9-A22H,0.520881309,0.311685942,0.391202268,0.396803688,0.349345878,0.500688831,0.501562541,0.207339904,0.228866041
TCGA-A2-A4S1,0.685651277,0.314443841,0.295951071,0.468687984,0.392110535,0.503796335,0.608204592,0.178570152,0.193427596
TCGA-AR-A1AQ,0.682086518,0.33127074,0.550223091,0.400361873,0.319777092,0.671581653,0.528059807,0.537412017,0.241801737
TCGA-A2-A1FX,0.483522683,0.287841303,0.320365571,0.362492808,0.321447358,0.421677191,0.547523279,0.169919934,0.232678351
TCGA-BH-A1FE,0.599330098,0.29353464,0.401925795,0.451378193,0.324666677,0.375112277,0.337895176,0.130861762,0.239175584
TCGA-AC-A62X,0.409969768,0.256699394,0.547100894,0.323842465,0.146927963,0.831710451,0.697840038,0.669699749,0.164592746
TCGA-C8-A26Z,0.448435408,0.340566238,0.215538427,0.374314301,0.274809144,0.283349822,0.594248781,0.194035672,0.305863004
TCGA-E9-A1R6,0.483838943,0.666354644,0.419727241,0.384755043,0.529617557,0.379024397,0.466675321,0.405373894,0.400736951
TCGA-EW-A2FS,0.644215272,0.384786953,0.407310682,0.447516605,0.305284805,0.474420038,0.583043445,0.205005503,0.327768034
TCGA-A2-A3XT,0.516613134,0.285222691,0.354559411,0.385267443,0.30126629,0.361199567,0.584317944,0.135263045,0.251205652
TCGA-JL-A3YX,0.469941103,0.2932742,0.239148473,0.368408464,0.455687954,0.370166491,0.429926061,0.180282957,0.206781706
TCGA-LQ-A4E4,0.663302415,0.318487781,0.337337525,0.394687719,0.573179064,0.659077326,0.716044417,0.225018589,0.216138568
TCGA-AR-A24U,0.649202161,0.341166948,0.373132033,0.408476614,0.417982342,0.412348054,0.373073879,0.214204578,0.29705482
TCGA-B6-A0X1,0.610060174,0.322410062,0.322255662,0.359473628,0.318180695,0.656652899,0.63591058,0.152022161,0.223526806
TCGA-A2-A3XZ,0.713168593,0.436422449,0.436351354,0.454426897,0.349346079,0.436140329,0.516235637,0.170644146,0.267790711
TCGA-B6-A3ZX,0.718277431,0.378529615,0.395522103,0.431470177,0.377270148,0.454353687,0.461201869,0.260425666,0.310142981
TCGA-E2-A1B6,0.760919572,0.36677042,0.466277343,0.45676071,0.360503791,0.489486427,0.440131121,0.198154874,0.33364508
TCGA-E9-A2JT,0.822539986,0.368004548,0.46551954,0.507339747,0.415443523,0.52715849,0.513481107,0.239971191,0.316860445
TCGA-A7-A26J,0.468705654,0.347049208,0.226823708,0.418959603,0.613965714,0.227860709,0.336873825,0.385391466,0.244652597
TCGA-AO-A126,0.540507352,0.297357105,0.374356404,0.421929268,0.509438097,0.558788306,0.599904765,0.169191563,0.252156387
TCGA-BH-A1EU,0.647057272,0.319965691,0.417587274,0.44796279,0.326893346,0.435185883,0.383521561,0.15931157,0.245050873
TCGA-BH-A1EW,0.590930353,0.305918572,0.39701346,0.462754253,0.329140592,0.416220916,0.45762185,0.153048871,0.268998345
TCGA-AR-A251,0.472452527,0.319806158,0.270332419,0.373106052,0.581062017,0.501307586,0.582521433,0.115223513,0.206336376
TCGA-A2-A3XW,0.61396767,0.371093583,0.411349175,0.392807225,0.337290395,0.450927653,0.375574857,0.148957234,0.209742482
TCGA-AR-A1AK,0.551748732,0.321958089,0.384252095,0.421868226,0.269249521,0.512274919,0.507317706,0.219860438,0.271214246
TCGA-AO-A0JD,0.77518254,0.32492621,0.282319822,0.379847117,0.368057061,0.399645425,0.515867309,0.168132284,0.283156909
TCGA-BH-A1F8,0.634414625,0.305082384,0.404961818,0.484597518,0.337363915,0.450996674,0.417884124,0.1597478,0.252974311
TCGA-AO-A12B,0.534938496,0.351821858,0.302053103,0.382939146,0.338631962,0.254954667,0.424962626,0.151593303,0.193651029
TCGA-AR-A1AP,0.457879114,0.317084451,0.388462837,0.389913104,0.465816467,0.626667874,0.614942529,0.148164389,0.214239042
TCGA-GM-A2DM,0.613226972,0.300409979,0.42215384,0.394827412,0.492651032,0.457186935,0.471365473,0.122520408,0.200351843
TCGA-AR-A2LE,0.511806798,0.321648671,0.380837578,0.393117314,0.333698103,0.474170793,0.480508122,0.1695044,0.218452634
TCGA-OL-A5D8,0.496149426,0.329275847,0.472271786,0.39772717,0.356351396,0.635825956,0.668919668,0.21456967,0.299278624
TCGA-E9-A1N3,0.694715354,0.348599766,0.36417801,0.449328283,0.396876383,0.475403403,0.502331274,0.18752483,0.290936259
TCGA-A8-A0AD,0.552127773,0.326905367,0.278933054,0.393244687,0.68203943,0.24735701,0.243815649,0.209621671,0.245190214
TCGA-BH-A0B5,0.725584234,0.340230088,0.402600138,0.421656774,0.39436171,0.307828219,0.445672052,0.24827931,0.299063065
TCGA-BH-A0HY,0.470208725,0.303494132,0.402084794,0.363381934,0.284993727,0.807027656,0.73982638,0.28123671,0.21247412
TCGA-E9-A227,0.667041012,0.310250051,0.265933353,0.41417299,0.305326222,0.303060877,0.345364667,0.146384419,0.225775134
TCGA-GM-A2DO,0.680377554,0.373997346,0.415852052,0.471014852,0.461423357,0.390175755,0.397504483,0.240828351,0.318766872
TCGA-GM-A3XG,0.496223621,0.264508453,0.394208734,0.42992337,0.406013332,0.454680331,0.397545884,0.127591919,0.225198198
TCGA-E2-A1B0,0.659715772,0.349154042,0.29534544,0.402491063,0.280578455,0.422748524,0.419896518,0.186077531,0.251297301
TCGA-E2-A1L8,0.632204297,0.577953704,0.308930776,0.436603482,0.389166311,0.340911529,0.447092119,0.171149127,0.254108835
TCGA-E9-A244,0.510789585,0.312018545,0.389747611,0.409430274,0.317385766,0.695017017,0.55672685,0.476126414,0.235007464
TCGA-A7-A13G,0.745924005,0.311750941,0.405252945,0.539473187,0.284012174,0.385999856,0.359208029,0.174599732,0.295997021
TCGA-E2-A107,0.578229256,0.3331695,0.374212498,0.414839842,0.358553176,0.487260867,0.62775675,0.226893153,0.265317374
TCGA-BH-A0HK,0.649508424,0.321378305,0.411595145,0.501031165,0.414987708,0.430127604,0.420019392,0.152013545,0.256979186
TCGA-D8-A1XY,0.514658735,0.310010126,0.293600933,0.412047937,0.23750462,0.222115644,0.20368206,0.354720701,0.256136782
TCGA-JL-A3YW,0.684247688,0.37083483,0.414781235,0.480341014,0.569091004,0.359802601,0.569446531,0.158798027,0.279146788
TCGA-A1-A0SB,0.497197726,0.277978081,0.368371476,0.327148263,0.439133624,0.471012714,0.511413017,0.05104223,0.120854715
TCGA-AC-A2FM,0.561845621,0.292475269,0.402302696,0.42797674,0.348189155,0.420393684,0.368699419,0.142308353,0.23597827
TCGA-E2-A1LG,0.696069608,0.286247793,0.220723456,0.342734254,0.134780632,0.22769613,0.593899394,0.099094852,0.181856231
TCGA-E2-A574,0.333113779,0.33452224,0.276451797,0.383540675,0.115364674,0.529473357,0.596953586,0.086510727,0.171105173
TCGA-BH-A0H3,0.680891735,0.312182535,0.39847166,0.437820594,0.276894139,0.50550507,0.520385435,0.161431514,0.245738648
TCGA-A2-A3Y0,0.605487017,0.336529647,0.319460181,0.379868756,0.339770748,0.482401974,0.571762473,0.427411642,0.229871344
TCGA-D8-A1XA,0.450616065,0.317674616,0.271501777,0.380990513,0.376683637,0.39477019,0.421899969,0.164851589,0.234743463
TCGA-E2-A1IH,0.534231129,0.302695642,0.399473873,0.398617836,0.485815145,0.386322872,0.422963039,0.186762196,0.229268611
TCGA-AN-A0XN,0.500659879,0.496099869,0.643235172,0.421736148,0.398914175,0.677140066,0.610218331,0.402998751,0.251655761
TCGA-AR-A24N,0.456794635,0.326301649,0.507687907,0.384660663,0.355677833,0.535285398,0.609487568,0.288967471,0.211958331
TCGA-D8-A4Z1,0.606010319,0.336460784,0.42256348,0.435632405,0.415956166,0.413798233,0.424676654,0.184888566,0.254384655
TCGA-A7-A4SF,0.46626192,0.32285038,0.226120339,0.38218202,0.222898101,0.713899547,0.698764664,0.093631552,0.200596685
TCGA-A8-A08O,0.492977255,0.306303017,0.356923162,0.400271715,0.464920726,0.378542452,0.472933154,0.194467656,0.20181126
TCGA-E2-A1IF,0.631834006,0.295632363,0.399917673,0.487560063,0.284548563,0.440110553,0.388414589,0.158333211,0.244343462
TCGA-E2-A1IK,0.670494565,0.304766813,0.383140137,0.409459346,0.314309902,0.382797708,0.378501813,0.136499243,0.235873328
TCGA-C8-A27A,0.715077751,0.258952944,0.181287664,0.347427121,0.254329888,0.271204641,0.422963,0.148108909,0.412441411
TCGA-EW-A1J1,0.532331938,0.269072795,0.241665418,0.351771454,0.41346294,0.214948245,0.290551394,0.190649964,0.221788328
TCGA-E2-A1L6,0.575683975,0.297236747,0.348383838,0.383036116,0.592843716,0.439731086,0.445314661,0.216440674,0.246611704
TCGA-E2-A10F,0.701342889,0.317307291,0.419645517,0.448382555,0.530637757,0.443809688,0.51781574,0.211667373,0.264972727
TCGA-BH-A0E1,0.582385219,0.308891866,0.401671791,0.447149304,0.389220292,0.47896069,0.43115119,0.138633685,0.233656959
TCGA-BH-A0BZ,0.69243215,0.326181364,0.404741892,0.499630903,0.338743939,0.373887355,0.360772151,0.176708991,0.270372616
TCGA-B6-A0WT,0.534849253,0.318722207,0.309970426,0.43864693,0.444494588,0.357579057,0.355661856,0.341168088,0.230719904
TCGA-AC-A2QI,0.694908127,0.290345655,0.326871353,0.442928308,0.31676219,0.312261854,0.376031325,0.249554186,0.285064807
TCGA-OL-A66J,0.525848503,0.28005143,0.352764654,0.436301807,0.493979378,0.306066321,0.527214222,0.474255633,0.22950553
TCGA-AR-A5QQ,0.774003267,0.341224833,0.409578245,0.444187535,0.483596209,0.472895978,0.495798587,0.192213391,0.258831642
TCGA-B6-A0WZ,0.721831708,0.30196085,0.422570833,0.449273318,0.688699653,0.535218968,0.602265907,0.223270877,0.298202211
TCGA-AC-A2FF,0.628346095,0.313057886,0.394790545,0.485899946,0.365593231,0.481704103,0.405948572,0.176916769,0.261989129
TCGA-GM-A4E0,0.699329253,0.328482894,0.442765278,0.487467138,0.388642167,0.541517185,0.496897134,0.218729972,0.298871817
TCGA-E9-A1NC,0.662784473,0.310749348,0.362388142,0.413544221,0.321132953,0.453247002,0.444952512,0.18699301,0.256210946
TCGA-E9-A2JS,0.49485699,0.301316535,0.415534407,0.376109363,0.380628907,0.613731115,0.604352931,0.134893385,0.359509351
TCGA-B6-A0RE,0.531700413,0.349745443,0.469256068,0.360565226,0.380639638,0.372588337,0.662054177,0.110442192,0.206126045
TCGA-E2-A1IL,0.650668708,0.327159234,0.310887557,0.410422132,0.328891978,0.573601912,0.615377617,0.127914083,0.291085379
TCGA-D8-A1JH,0.545921855,0.314385797,0.403125911,0.439526262,0.294462579,0.454390272,0.462796561,0.201027824,0.266887047
TCGA-A7-A426,0.570906604,0.299625961,0.338008645,0.423369342,0.528302974,0.588345674,0.524731212,0.174103243,0.239526562
TCGA-BH-A1FJ,0.613427195,0.316496674,0.391828644,0.45018588,0.307296101,0.398940991,0.343958571,0.153282388,0.23669115
TCGA-BH-A0BV,0.597875091,0.296964782,0.397907699,0.470326599,0.415570436,0.502595123,0.421179554,0.117956921,0.237210627
TCGA-E9-A1N4,0.616215818,0.293348729,0.373407398,0.447146408,0.343585223,0.439199124,0.393049209,0.139041374,0.234985111
TCGA-LL-A441,0.680043416,0.336895069,0.480745028,0.445067105,0.349086197,0.555886345,0.47761418,0.394626913,0.265029619
TCGA-C8-A26W,0.519607293,0.537736431,0.306709573,0.418061244,0.331908794,0.349876172,0.345335681,0.232980405,0.242695848
TCGA-BH-A1FN,0.626784049,0.298591922,0.386577374,0.463530661,0.323991744,0.396101492,0.337749018,0.140561812,0.239408635
TCGA-BH-A0C0,0.601264755,0.291877653,0.411463065,0.4855068,0.430662752,0.455939074,0.422389294,0.136777929,0.264088567
TCGA-E9-A1RD,0.704567827,0.324206486,0.398756736,0.514793388,0.319212725,0.375147567,0.391962786,0.180426712,0.272195953
TCGA-D8-A1JF,0.752435014,0.294563128,0.422444285,0.397126563,0.588960536,0.511647341,0.555209103,0.12190276,0.249953391
TCGA-A1-A0SI,0.565172264,0.298365261,0.38131949,0.438044842,0.29611003,0.368851381,0.435342329,0.141884196,0.236937921
TCGA-A2-A0YE,0.43746571,0.330562609,0.268790113,0.367722541,0.330867632,0.448564298,0.70044142,0.089023072,0.18261996
TCGA-C8-A1HN,0.509341635,0.301537088,0.293830905,0.32874234,0.203974643,0.331629552,0.536863403,0.203938848,0.236257256
TCGA-D8-A1XG,0.428913927,0.283183704,0.389350614,0.382675434,0.424618654,0.463581577,0.479885253,0.159820519,0.184583916
TCGA-BH-A0HA,0.576985367,0.285145099,0.400433256,0.452160086,0.402516111,0.418354582,0.361749718,0.119566023,0.241616697
TCGA-AC-A3BB,0.662737045,0.342988676,0.393547804,0.464631517,0.348283732,0.542721569,0.507209017,0.159805542,0.274797994
TCGA-E9-A1RB,0.728657627,0.373561626,0.484162435,0.578130671,0.400626602,0.493203438,0.434178256,0.242774989,0.320828925
TCGA-AR-A0TX,0.651467853,0.344641638,0.376812309,0.454557668,0.338483652,0.466809845,0.45375778,0.444748271,0.289340357
TCGA-E2-A105,0.446460698,0.351824206,0.36750949,0.389143513,0.669961354,0.611660966,0.700177593,0.780558549,0.228076316
TCGA-B6-A1KF,0.446524498,0.384009113,0.398960749,0.338191104,0.209595883,0.844354826,0.742568486,0.716975246,0.183053265
TCGA-A2-A0CT,0.409476003,0.322776368,0.570003281,0.382928067,0.465142088,0.678436878,0.692887251,0.37722388,0.320444667
TCGA-AC-A3OD,0.553454505,0.323539935,0.424807011,0.441223918,0.424150657,0.636796254,0.543070669,0.153532801,0.251101099
TCGA-OL-A5RW,0.421016436,0.274000019,0.410331093,0.370702964,0.177502396,0.811361525,0.639698693,0.08458099,0.195440699
TCGA-AO-A1KS,0.446683005,0.33178679,0.301743784,0.377005219,0.372257393,0.39901467,0.573130754,0.200501753,0.220210443
TCGA-AR-A2LL,0.513080338,0.316999264,0.476815456,0.381404665,0.26396826,0.418511457,0.529177174,0.141184085,0.384592653
TCGA-LL-A5YL,0.574420608,0.363798274,0.487089536,0.436247072,0.43112237,0.502629809,0.583042825,0.14898791,0.277900178
TCGA-B6-A0RP,0.625217118,0.311917365,0.267878261,0.434572966,0.664498579,0.391483669,0.436356836,0.243614493,0.30260941
TCGA-D8-A1XJ,0.715464461,0.36285982,0.417771715,0.374240802,0.334153192,0.742065728,0.649490141,0.372823124,0.221610769
TCGA-EW-A1P5,0.679549919,0.336116674,0.402094386,0.382898491,0.280004194,0.426222006,0.494647792,0.227326718,0.310563012
TCGA-AO-A1KO,0.5306945,0.280304489,0.420859574,0.439994291,0.32084301,0.480568388,0.425780705,0.126414783,0.221552038
TCGA-E2-A1B4,0.480461334,0.297785068,0.265278545,0.401935925,0.404339109,0.4967513,0.537154309,0.161976594,0.201673281
TCGA-EW-A1IX,0.640091061,0.301532764,0.322144475,0.43531501,0.563657416,0.312616238,0.45820553,0.212776631,0.255873634
TCGA-BH-A201,0.470952033,0.285665339,0.386143706,0.412435435,0.328409703,0.525575134,0.447916923,0.130089347,0.199323223
TCGA-A2-A4S3,0.549793133,0.387773105,0.321129258,0.374224687,0.294061146,0.334466075,0.34004244,0.139760324,0.265702927
TCGA-AC-A3YJ,0.552313806,0.295491105,0.424942134,0.393763747,0.401360587,0.499661618,0.544128476,0.14374613,0.20869028
TCGA-E9-A1RE,0.397069075,0.382707007,0.446632275,0.394751314,0.294149293,0.486930035,0.64367666,0.160069254,0.393717021
TCGA-HN-A2NL,0.691194939,0.343426489,0.528442212,0.409944723,0.327807744,0.861849996,0.70597005,0.203983975,0.220512685
TCGA-AR-A24X,0.526852324,0.338426595,0.451708713,0.435226071,0.264304818,0.605319425,0.581203931,0.213283937,0.2393385
TCGA-GI-A2C9,0.439339874,0.329506913,0.414963272,0.382179927,0.304884093,0.717288139,0.665385167,0.091974134,0.215237786
TCGA-BH-A0GZ,0.49895491,0.312215282,0.431131098,0.446582124,0.345240788,0.581295788,0.583409956,0.121437682,0.229635959
TCGA-E9-A1RG,0.563907461,0.336024046,0.269069513,0.372509508,0.265052734,0.224976153,0.283862711,0.144783037,0.223503448
TCGA-B6-A0WX,0.505785484,0.408072098,0.471689026,0.414423195,0.30512527,0.613520979,0.511756192,0.433888452,0.293979652
TCGA-BH-A1EV,0.656331363,0.302080768,0.412065099,0.496791906,0.375778424,0.442333477,0.406167873,0.155951877,0.267817846
TCGA-E2-A1IJ,0.656737885,0.323892748,0.401701203,0.469990427,0.322423687,0.417436908,0.439882929,0.175812496,0.259061723
TCGA-B6-A1KN,0.519295678,0.309575923,0.325602392,0.390639697,0.513633214,0.455352515,0.590910272,0.150984148,0.220829696
TCGA-LL-A5YP,0.574092262,0.379867845,0.417120244,0.403925376,0.231913977,0.602063193,0.552831583,0.172526801,0.22631554
TCGA-A2-A0YM,0.480705733,0.303951429,0.567969724,0.372438032,0.188288979,0.7616904,0.650574048,0.339774165,0.226538408
TCGA-AR-A1AJ,0.746135325,0.344212339,0.412646699,0.434306751,0.290231235,0.464211137,0.534820345,0.350753163,0.288590067
TCGA-D8-A1X8,0.527370196,0.275647257,0.296603428,0.427421983,0.409000869,0.458102084,0.472739235,0.549636081,0.270328954
TCGA-D8-A27H,0.391096904,0.291318989,0.389066085,0.377234483,0.214523874,0.690962504,0.653384637,0.106488729,0.210046245
TCGA-AC-A23C,0.731493037,0.343032674,0.390067864,0.460633962,0.371528017,0.657722816,0.591397213,0.425753476,0.333284425
TCGA-AC-A2FB,0.655171287,0.316851349,0.425669543,0.516468529,0.372094999,0.413996016,0.373732406,0.190796084,0.28835739
TCGA-A7-A3RF,0.527642722,0.261486826,0.267832513,0.368414163,0.227552323,0.387642943,0.443234817,0.094355328,0.19548433
TCGA-AC-A3W7,0.595597003,0.314286366,0.381191238,0.408262872,0.573567545,0.448580882,0.493366113,0.185405881,0.223138725
TCGA-D8-A1XQ,0.564215066,0.306192965,0.315639311,0.393295083,0.222335756,0.74677882,0.609934645,0.260925838,0.238718459
TCGA-EW-A1PH,0.413110372,0.255093545,0.182691414,0.326870147,0.149504751,0.349232562,0.440701483,0.071314439,0.169891715
TCGA-AO-A124,0.466967119,0.270521326,0.212271305,0.326058108,0.137018019,0.576304029,0.551074047,0.061982971,0.196769045
TCGA-OL-A66H,0.607050422,0.340870147,0.263404445,0.414958845,0.356179715,0.372920257,0.490349371,0.164776426,0.233046693
TCGA-D8-A1JJ,0.511726301,0.294281471,0.400935395,0.384332642,0.449579611,0.726620563,0.556699341,0.134247644,0.23985806
TCGA-AN-A0XU,0.710522547,0.345608088,0.527779376,0.358801571,0.473308465,0.776459737,0.680361718,0.097761503,0.239411626
TCGA-BH-A0W4,0.529838645,0.282274635,0.378726531,0.436337717,0.355198418,0.431724349,0.487355704,0.156508763,0.259574352
TCGA-A2-A3KC,0.527847304,0.401943923,0.448214451,0.440157666,0.311307462,0.528353028,0.566394589,0.166149683,0.288172242
TCGA-AO-A03M,0.67188626,0.346162129,0.328472609,0.386239626,0.379331933,0.439748721,0.54219011,0.523921249,0.298607382
TCGA-A2-A04R,0.595148248,0.319844601,0.317127424,0.377456797,0.492547182,0.341467109,0.383717462,0.248724587,0.419785337
TCGA-AQ-A54N,0.374692078,0.345593375,0.442776178,0.334984799,0.103432723,0.888404301,0.729941077,0.072433729,0.151788763
TCGA-EW-A1PE,0.623867311,0.479627782,0.374406232,0.40520169,0.310593087,0.377994611,0.526435849,0.148364227,0.250115393
TCGA-HN-A2OB,0.527842654,0.2701846,0.352980188,0.443267046,0.285508045,0.50317968,0.429597179,0.161184497,0.226150482
TCGA-A2-A0SY,0.619562136,0.320482725,0.386776213,0.415518467,0.386062183,0.541195593,0.594582671,0.23322651,0.244909026
TCGA-AQ-A04L,0.399071064,0.302473504,0.472741791,0.391249275,0.548534141,0.519911933,0.575892835,0.134532306,0.176985346
TCGA-A7-A425,0.562626573,0.320510043,0.376364401,0.430014045,0.288481084,0.338149857,0.380330784,0.386059721,0.219821951
TCGA-EW-A1OZ,0.61872435,0.328268623,0.437089069,0.402629922,0.508487643,0.744001612,0.707686551,0.36185504,0.231949707
TCGA-E9-A1ND,0.708159964,0.316236551,0.411280965,0.492985333,0.376681331,0.420856525,0.391268493,0.157135918,0.260945125
TCGA-B6-A1KI,0.574430914,0.326417893,0.349212601,0.44748623,0.472238525,0.332354667,0.489317352,0.189574467,0.283682091
TCGA-BH-A1F2,0.65888224,0.293601853,0.402079387,0.516317339,0.370773271,0.368387099,0.331311001,0.152937271,0.254182001
TCGA-AR-A2LN,0.660895406,0.32093233,0.408704162,0.476964492,0.451790906,0.485094611,0.482145208,0.193789842,0.266654911
TCGA-C8-A1HE,0.562915381,0.309700227,0.441414254,0.388398761,0.326908922,0.737208799,0.609891205,0.214646479,0.207051456
TCGA-AR-A24L,0.498628827,0.336977047,0.320413611,0.443119482,0.304227427,0.342795666,0.387713369,0.180558439,0.242719102
TCGA-E2-A1L9,0.516468788,0.302458062,0.351140741,0.44945311,0.482644699,0.369052088,0.438759938,0.147968078,0.22814402
TCGA-EW-A1OY,0.410852844,0.297649459,0.188131455,0.339771433,0.528634036,0.375982685,0.521572108,0.080348785,0.203312581
TCGA-E9-A1RA,0.568006887,0.329825971,0.439778219,0.431784798,0.314905187,0.445281051,0.470079321,0.187579177,0.255776116
TCGA-A7-A3IY,0.54964482,0.267052075,0.400567952,0.427274779,0.327921671,0.477711672,0.428533287,0.189758733,0.204889133
TCGA-AR-A2LH,0.697102609,0.351384892,0.427682544,0.454415133,0.42896567,0.486615262,0.447760158,0.310287854,0.294209103
TCGA-BH-A1F0,0.673333066,0.319918595,0.444366502,0.52260856,0.31182425,0.39115643,0.372633707,0.178027638,0.282809982
TCGA-E9-A1R0,0.67241516,0.34354907,0.417443153,0.44851136,0.352823194,0.447061062,0.425454735,0.216644498,0.269959473
TCGA-B6-A0X4,0.632968706,0.28900869,0.260488696,0.392584417,0.485623489,0.304548429,0.490550135,0.178423479,0.269391088
TCGA-PE-A5DD,0.694519006,0.323769456,0.579167839,0.423917673,0.47749147,0.561385962,0.640285095,0.651027981,0.279924153
TCGA-EW-A1P0,0.548676971,0.300918298,0.199951045,0.380644947,0.258927314,0.256591432,0.427975591,0.180779933,0.175826045
TCGA-AR-A24W,0.542421604,0.337425778,0.357442523,0.459397506,0.454431248,0.490564023,0.440383518,0.155518988,0.264680895
TCGA-A2-A0CO,0.634215575,0.32498607,0.36309064,0.411317873,0.376291188,0.478635389,0.517856585,0.168286282,0.293496525
TCGA-D8-A1Y0,0.549936596,0.31798962,0.371508542,0.366044173,0.332324836,0.29331826,0.401260675,0.282208734,0.272524296
TCGA-AR-A24T,0.562542314,0.298558386,0.429323269,0.468935228,0.48584125,0.638676677,0.609786543,0.181322349,0.265049848
TCGA-A2-A3XY,0.643483109,0.406747767,0.414224743,0.4193052,0.511892004,0.5127633,0.477136351,0.462468838,0.272056167
TCGA-D8-A1JI,0.535888184,0.284790322,0.268150547,0.359406815,0.311145155,0.239565377,0.407645714,0.19590242,0.244397923
TCGA-BH-A1FU,0.725326171,0.351371941,0.421030217,0.454881607,0.488470246,0.515258467,0.475269956,0.252189808,0.30689917
TCGA-BH-A0BM,0.549929835,0.282664989,0.40579303,0.455705386,0.357408125,0.481438896,0.397614633,0.158166563,0.237997671
TCGA-A7-A2KD,0.537712631,0.396051945,0.392617805,0.35842594,0.330257191,0.392512505,0.535891095,0.188086052,0.236344999
TCGA-AC-A3QP,0.578594349,0.301872234,0.350376303,0.455944979,0.336862668,0.467388782,0.482373157,0.195060978,0.242584299
TCGA-E2-A10B,0.739428293,0.353941365,0.403417569,0.448999108,0.584845203,0.55992392,0.465386085,0.272108332,0.296924922
TCGA-AC-A2FE,0.708024129,0.327258283,0.552998599,0.469869958,0.461234624,0.551596276,0.555301565,0.205918481,0.319362546
TCGA-A2-A4RY,0.562045578,0.286744493,0.412288756,0.426730787,0.423002826,0.499271931,0.472323945,0.179706767,0.234999787
TCGA-OL-A5RZ,0.372233913,0.320315081,0.360182412,0.365249138,0.162544747,0.350624168,0.559092164,0.732340764,0.183192508
TCGA-A1-A0SJ,0.526853658,0.390854973,0.50164118,0.399607895,0.291659015,0.534099075,0.61127184,0.221123934,0.309955902
TCGA-D8-A1JG,0.60334998,0.31049891,0.398083639,0.39478791,0.560325062,0.547443147,0.591198605,0.208415308,0.260481834
TCGA-C8-A274,0.429487666,0.328817163,0.327168563,0.379070621,0.723807741,0.678070768,0.707241329,0.14550133,0.188255384
TCGA-E9-A3X8,0.766910961,0.338859357,0.419764351,0.489195989,0.378771725,0.532351118,0.524529085,0.178393119,0.294460483
TCGA-BH-A0DZ,0.618522653,0.318224079,0.417003005,0.4568593,0.416564702,0.490469489,0.407855551,0.15350895,0.252103387
TCGA-D8-A1XC,0.654778105,0.285268239,0.412415081,0.376025693,0.316066418,0.600309341,0.617643061,0.134142723,0.176126343
TCGA-A7-A26I,0.564662035,0.30724768,0.253805134,0.422369314,0.230598389,0.368010601,0.590749379,0.546466865,0.206772222
TCGA-A2-A0EN,0.769451944,0.363332496,0.384000064,0.459226035,0.563702803,0.406200425,0.532204941,0.187522808,0.291517016
TCGA-BH-A208,0.620636742,0.366510355,0.496383251,0.535467209,0.549098754,0.490032791,0.484380033,0.222941675,0.299331374
TCGA-C8-A1HG,0.545782874,0.317634727,0.277054838,0.345612257,0.299125007,0.268972537,0.248055195,0.118248056,0.258047637
TCGA-E9-A5UO,0.415227226,0.290413537,0.575924444,0.368509878,0.597310657,0.351563349,0.689866284,0.181368898,0.173539583
TCGA-A2-A1G4,0.450344618,0.317956382,0.407876997,0.372200925,0.510824674,0.650141451,0.656256534,0.319794239,0.185608853
TCGA-E2-A109,0.503114497,0.318401711,0.332996064,0.349567194,0.64476894,0.492646841,0.49631417,0.129589089,0.371786201
TCGA-A1-A0SE,0.544868552,0.293392943,0.35482607,0.431928731,0.429787804,0.355577947,0.431204852,0.211270118,0.272980972
TCGA-BH-A204,0.785980843,0.380370635,0.480908538,0.657929467,0.3931687,0.456960526,0.44253926,0.274399543,0.355758034
TCGA-AC-A23H,0.700514288,0.394372865,0.504070774,0.601038144,0.463402513,0.537629083,0.474433303,0.270401206,0.32414922
TCGA-E2-A10E,0.527883693,0.318425304,0.417495726,0.394442134,0.635781347,0.434139253,0.589491254,0.191931805,0.269538268
TCGA-A1-A0SQ,0.395919211,0.272595198,0.306005899,0.356438459,0.506002105,0.386354029,0.565465795,0.077278906,0.184737132
TCGA-GM-A2DK,0.585258186,0.346466874,0.384432417,0.454924104,0.413305291,0.452207314,0.486259406,0.236636665,0.267304357
TCGA-C8-A27B,0.491273352,0.282847546,0.461084715,0.394672182,0.226921331,0.776732446,0.642192671,0.129993728,0.223401956
TCGA-E9-A1NG,0.724534136,0.308176271,0.411463699,0.51608179,0.30877767,0.39210301,0.35380411,0.167926241,0.272834886
TCGA-A2-A1G0,0.540447416,0.311054534,0.369487975,0.403603008,0.334400386,0.545862235,0.554251497,0.204714511,0.270491585
TCGA-E9-A1NI,0.485548473,0.358271854,0.276603156,0.382662348,0.547107968,0.356722727,0.521067436,0.392674531,0.234448048
TCGA-AN-A0XS,0.587774651,0.326569334,0.309036305,0.385361593,0.595240005,0.37313722,0.448253068,0.285162956,0.294659545
TCGA-GM-A2DN,0.611009975,0.339940572,0.419795871,0.457987588,0.357382385,0.472161915,0.504501019,0.321228062,0.281900726
TCGA-BH-A28O,0.622716346,0.290562405,0.399100428,0.461347156,0.390170249,0.416724961,0.434026186,0.134064013,0.245220275
TCGA-AR-A1AO,0.775394835,0.324583516,0.414686131,0.461414014,0.369096848,0.407046978,0.37639679,0.175918874,0.275467508
TCGA-A2-A0T0,0.53437118,0.291358703,0.36434305,0.392714473,0.403379871,0.543371025,0.557747627,0.136271923,0.237032869
TCGA-A8-A0A6,0.550058887,0.308584897,0.412741268,0.400397014,0.49990363,0.717060311,0.605010336,0.194952316,0.253829913
TCGA-AC-A3TN,0.508701721,0.334021571,0.377265926,0.404497821,0.627889336,0.442692801,0.575065498,0.203377271,0.26933272
TCGA-OL-A5D7,0.578645949,0.335458632,0.547675732,0.362375373,0.256474321,0.393295154,0.646619879,0.17969897,0.250075505
TCGA-AC-A2BM,0.562070207,0.401485422,0.431900652,0.385282137,0.561477418,0.2846817,0.298905923,0.274541423,0.230990464
TCGA-BH-A1FR,0.675871928,0.313768022,0.401588367,0.498115726,0.357213178,0.404089487,0.390714716,0.15191538,0.258542328
TCGA-E2-A2P5,0.582689102,0.304409148,0.462226557,0.377176493,0.633505704,0.505269704,0.596622787,0.239913799,0.246945872
TCGA-BH-A42V,0.599595268,0.344591363,0.418176284,0.43667708,0.503002024,0.482045712,0.481405477,0.198971411,0.261851868
TCGA-D8-A1X7,0.503613563,0.289932865,0.279489611,0.387690893,0.214587333,0.366545976,0.343380916,0.156615875,0.196071756
TCGA-A2-A0ST,0.784650934,0.349283174,0.446160473,0.464902523,0.371748334,0.506096567,0.467282487,0.192325376,0.301489679
TCGA-E9-A3HO,0.383988353,0.317387294,0.385808857,0.383143413,0.262079614,0.535920009,0.590089621,0.099990225,0.210533246
TCGA-AR-A250,0.764895719,0.309816788,0.49338566699999997,0.389967111,0.379586773,0.601488891,0.626055316,0.472893652,0.292750898
TCGA-BH-A0AW,0.586609602,0.335913234,0.303408151,0.410495878,0.432720134,0.769292761,0.629476246,0.162396015,0.264847825
TCGA-D8-A3Z5,0.54712301,0.309620042,0.321374676,0.43999173,0.456549929,0.374394879,0.476095634,0.167616019,0.226892839
TCGA-EW-A1IY,0.696721491,0.315046579,0.423703146,0.414794152,0.330201362,0.561373613,0.534520254,0.152829155,0.253014507
TCGA-AR-A252,0.697110011,0.33938703,0.434371999,0.481927211,0.409660269,0.410828077,0.466318391,0.211020485,0.301047189
TCGA-BH-A28Q,0.49846166,0.317424957,0.391903325,0.424814399,0.419726275,0.434615586,0.546087579,0.265554085,0.225308689
TCGA-E2-A15J,0.446769806,0.287404978,0.40139855,0.371207777,0.705591436,0.532603167,0.590424109,0.153022289,0.181995555
TCGA-E2-A1LB,0.58672058,0.299026433,0.394643731,0.440117187,0.30434789,0.380426249,0.357112507,0.134101817,0.222999617
TCGA-C8-A1HJ,0.726590749,0.342319847,0.330013361,0.37446445,0.265171037,0.610041808,0.602310744,0.628828059,0.193569833
TCGA-A2-A0YJ,0.428095753,0.313636171,0.336064346,0.351628282,0.184932352,0.741096682,0.606026971,0.55306384,0.201444628
TCGA-E2-A14U,0.562559246,0.316323175,0.398787579,0.441346693,0.445023003,0.40456601,0.47102038,0.15355803,0.250806412
TCGA-BH-A0DP,0.519495558,0.280035415,0.411739527,0.421882408,0.427664141,0.512439959,0.456221847,0.149642774,0.219261304
TCGA-EW-A1J2,0.58104189,0.319325701,0.386077689,0.436594582,0.569926704,0.458409994,0.475302286,0.168667378,0.231174876
TCGA-AO-A1KP,0.395695351,0.308995905,0.35057937,0.353798252,0.578100025,0.76624541,0.508889006,0.513452685,0.227966588
TCGA-LL-A5YN,0.636542713,0.343216767,0.360874904,0.418072,0.333730357,0.518333805,0.501933339,0.174978233,0.265648709
TCGA-EW-A1IZ,0.662099197,0.352682765,0.424932686,0.445484935,0.355957707,0.421669463,0.416473369,0.173748695,0.278677971
TCGA-BH-A0AY,0.695058979,0.312883907,0.417555873,0.52617029,0.395833094,0.420507466,0.392092931,0.162750892,0.2967241
TCGA-AC-A2BK,0.822849603,0.380894514,0.382898659,0.392483556,0.478568952,0.877886085,0.779076436,0.087247243,0.161521764
TCGA-A2-A25D,0.637954928,0.334651697,0.400296712,0.387850233,0.302625999,0.59858794,0.587219085,0.193460231,0.24659449
TCGA-A2-A3XS,0.533843926,0.340490184,0.319987184,0.389584697,0.300967755,0.740414724,0.595798046,0.521627215,0.248363404
TCGA-AO-A0JM,0.579368619,0.306075855,0.524035326,0.386071181,0.286229469,0.671576058,0.665072369,0.559164674,0.238489757
TCGA-AR-A1AS,0.688063663,0.293692352,0.301985774,0.405743219,0.222281979,0.287573051,0.383322538,0.174028134,0.206226252
TCGA-GM-A2DD,0.835202648,0.355937241,0.345677354,0.44241717,0.580124059,0.631189167,0.592830682,0.206612893,0.272490499
TCGA-EW-A1P3,0.568532132,0.300910563,0.334290661,0.406266044,0.361159995,0.339210911,0.543855616,0.138530838,0.209872883
TCGA-A2-A4S0,0.595222791,0.284828608,0.405811077,0.369680648,0.225930555,0.462668395,0.507681784,0.135844097,0.175153325
TCGA-BH-A0BS,0.634384107,0.318898188,0.401904758,0.479244294,0.353992334,0.396893184,0.367367733,0.149997339,0.268814938
TCGA-D8-A1JE,0.535231825,0.28774671,0.355868649,0.424418107,0.252201113,0.311015622,0.440566852,0.20446942,0.242846141
TCGA-AC-A2FO,0.687530019,0.347584,0.366294271,0.480884571,0.410309734,0.423077302,0.492441873,0.186644359,0.325024357
TCGA-E2-A570,0.538996231,0.343054787,0.312275427,0.462843307,0.44491585,0.52207899,0.435354239,0.257544679,0.228720984
TCGA-A2-A0YI,0.741806936,0.337921449,0.440786791,0.442945199,0.466004893,0.439750658,0.497586165,0.212619349,0.341858737
TCGA-BH-A1EY,0.629663955,0.309667619,0.40590816,0.463468875,0.35043781,0.473983924,0.423237568,0.160540028,0.248442611
TCGA-D8-A1X6,0.421538266,0.283782749,0.212562409,0.337657052,0.286980514,0.300496268,0.266355847,0.237345837,0.178159572
TCGA-A7-A3IZ,0.378130848,0.253474734,0.252354143,0.36804982,0.66464107,0.390763156,0.490244147,0.124856508,0.180215583
TCGA-A7-A56D,0.524746327,0.346962517,0.42526393,0.477141842,0.357844057,0.269577797,0.348602305,0.570182692,0.278750126
TCGA-D8-A27E,0.565271297,0.314736989,0.390676016,0.391225614,0.28879547,0.707926633,0.380912788,0.352816404,0.193953187
TCGA-LL-A440,0.658831832,0.332015676,0.425847547,0.488760514,0.360784183,0.41948111,0.39838884,0.167575573,0.268771085
TCGA-A2-A0T6,0.625584786,0.327083773,0.51296651,0.434369849,0.354673573,0.501433934,0.579716784,0.141319985,0.253997522
TCGA-E2-A573,0.645923456,0.393551577,0.348485653,0.413141656,0.330804882,0.662286012,0.538595218,0.536105871,0.243349693
TCGA-A7-A26F,0.639683807,0.354775541,0.443388876,0.428977496,0.286786105,0.689400437,0.592939108,0.19508174,0.236692641
TCGA-AN-A0XR,0.580405248,0.318413548,0.405711139,0.403977656,0.276228896,0.525442929,0.737229279,0.23676165,0.306162586
TCGA-AR-A0U0,0.720470724,0.362128827,0.490877899,0.379659389,0.499063038,0.725190761,0.632323192,0.160928476,0.254933058
TCGA-EW-A3U0,0.753218634,0.317472319,0.338864189,0.407614507,0.393326726,0.666134137,0.551818064,0.16228068,0.277403725
TCGA-D8-A27L,0.569890736,0.316182447,0.31290687,0.438641419,0.312661923,0.332288371,0.352345585,0.212183557,0.257137036
TCGA-C8-A3M7,0.691860224,0.334637398,0.399612707,0.454334787,0.351745064,0.496056123,0.536013253,0.374199529,0.253913116
TCGA-E9-A1QZ,0.659380935,0.342458309,0.427676485,0.468055124,0.362968424,0.400392202,0.399065445,0.198244731,0.289105071
TCGA-E2-A1B1,0.695437596,0.322897222,0.399184594,0.451896768,0.35736371,0.442722651,0.458874153,0.177505516,0.270106053
TCGA-AC-A2FK,0.583419375,0.317087299,0.420843055,0.461900693,0.363684471,0.432248488,0.37496202,0.159125004,0.249813306
TCGA-GM-A3XL,0.677985608,0.32535963,0.488389789,0.371807513,0.285476923,0.743874433,0.621807661,0.239063751,0.242783379
TCGA-A2-A0YK,0.67548622,0.340461054,0.431250681,0.454333509,0.424524419,0.489320076,0.492182036,0.387118301,0.276276377
TCGA-AO-A125,0.371575848,0.342436293,0.375148272,0.365576001,0.736221133,0.700120914,0.55660171,0.244449867,0.202625582
TCGA-BH-A0B9,0.681854757,0.344088151,0.54254708,0.406518423,0.255910717,0.56136921,0.632008393,0.100607445,0.248459887
TCGA-BH-A209,0.793640369,0.445768828,0.510256179,0.627199283,0.450152871,0.537695712,0.513235731,0.274192196,0.341643848
TCGA-D8-A1J8,0.616286776,0.337867339,0.391198475,0.413973719,0.419862876,0.601601772,0.637965087,0.253177497,0.251292087
TCGA-C8-A3M8,0.527635325,0.337007489,0.40789052,0.423748583,0.356807339,0.714240488,0.613201813,0.538573297,0.238541835
TCGA-D8-A3Z6,0.535806342,0.297999358,0.323921915,0.416346006,0.369040262,0.374960889,0.390331766,0.215812424,0.231242757
TCGA-E9-A54X,0.515699339,0.310120223,0.384834699,0.393295494,0.284265387,0.462673664,0.516910736,0.152472165,0.203824082
TCGA-E9-A22B,0.555849459,0.359829384,0.484573531,0.474849753,0.607597769,0.73790324,0.638415136,0.286359122,0.425333458
TCGA-AC-A2B8,0.47444663,0.310567443,0.362224532,0.432064171,0.318760015,0.478499057,0.467298829,0.214204356,0.238645755
TCGA-AC-A3W5,0.666348301,0.359311696,0.37530985,0.446678907,0.613422378,0.715349611,0.641946856,0.22240977,0.277797883
TCGA-C8-A1HI,0.495525113,0.334629117,0.396996187,0.397003019,0.394508233,0.448167595,0.511948235,0.151986139,0.247159435
TCGA-E2-A1IO,0.704807623,0.317215902,0.402550121,0.524281228,0.30552253,0.43093283,0.36231778,0.159341867,0.286965875
TCGA-BH-A0AU,0.586934335,0.28451006,0.411866741,0.457033073,0.393697236,0.447824664,0.423506323,0.142099256,0.246517072
TCGA-BH-A18V,0.74280351,0.35996982,0.436943491,0.410491431,0.309727023,0.475916933,0.520521728,0.179038656,0.22634366
TCGA-BH-A1F5,0.587407951,0.279023064,0.392373223,0.441805327,0.363296915,0.425863107,0.420087718,0.155593039,0.23977669
TCGA-E2-A1IG,0.458444396,0.308919261,0.275787287,0.363719667,0.42163478,0.529590388,0.512817777,0.174318968,0.215642788
TCGA-E9-A1NE,0.544432753,0.279277911,0.385581757,0.447701653,0.340718977,0.387161613,0.337670518,0.140009883,0.229512038
TCGA-A7-A0DB,0.777178868,0.330331734,0.426949159,0.534974395,0.311201267,0.417438039,0.351056697,0.195032237,0.305176748
TCGA-AC-A62Y,0.58537222,0.290232184,0.399264285,0.409645023,0.24944303,0.485935388,0.553486687,0.132814774,0.225009348
TCGA-D8-A1JM,0.40316923,0.379354834,0.600689214,0.325599256,0.350788991,0.83778437,0.644619274,0.681541048,0.183964894
TCGA-A7-A4SE,0.52452375,0.295259278,0.347671982,0.400517359,0.311139992,0.686725757,0.520589825,0.538155316,0.185148948
TCGA-A2-A0EU,0.402137011,0.303530853,0.379866835,0.371145743,0.228536048,0.446138818,0.4706907,0.120657252,0.207942228
TCGA-BH-A42U,0.621274121,0.311069271,0.442983357,0.464311322,0.433196185,0.453619134,0.424460739,0.146332985,0.254967807
TCGA-E9-A245,0.509599817,0.297221476,0.337822839,0.401567683,0.337335642,0.378227963,0.396418801,0.139827629,0.25501732
TCGA-AO-A0JL,0.40176029,0.306938501,0.317456557,0.34692664,0.576477771,0.858890733,0.780997559,0.75362912,0.231088491
TCGA-D8-A27F,0.415980239,0.325083813,0.371710628,0.397551433,0.41840064,0.583557568,0.563981937,0.104438883,0.178341431
TCGA-E9-A1RC,0.820883965,0.471430776,0.487696494,0.612382418,0.402560444,0.524453172,0.466286562,0.271283793,0.357101201
TCGA-A7-A4SB,0.484182013,0.313227084,0.279145243,0.399814155,0.293856695,0.389137091,0.455120812,0.148886982,0.254313465
TCGA-D8-A1XB,0.522998166,0.310533037,0.388395117,0.432348692,0.378268845,0.583281115,0.516916809,0.379732746,0.244523172
TCGA-AR-A2LQ,0.653935153,0.337750069,0.414391103,0.500620415,0.51166487,0.470021346,0.446040644,0.182236771,0.270315382
TCGA-BH-A0H7,0.6245958,0.322364314,0.406542291,0.442217005,0.449229044,0.464046169,0.412715788,0.312739603,0.271910607
TCGA-D8-A1JL,0.667441962,0.327788188,0.446527083,0.395142225,0.473475182,0.623603317,0.535259538,0.190647215,0.250775855
TCGA-D8-A1XV,0.478395212,0.269226705,0.330085727,0.362399964,0.208512301,0.560160892,0.591004604,0.130043704,0.153936561
TCGA-D8-A27N,0.559276177,0.333551451,0.505375882,0.443542373,0.473031335,0.583527451,0.600917338,0.155068016,0.254960309
TCGA-E9-A22G,0.434588452,0.443104251,0.347242511,0.424002218,0.245666167,0.463090342,0.769216288,0.151687484,0.225340287
TCGA-BH-A0DV,0.52903756,0.271125482,0.386702664,0.427457192,0.368756185,0.382145451,0.338725442,0.135662137,0.212630037
TCGA-EW-A2FV,0.537831755,0.343165454,0.35925101,0.414762704,0.381923522,0.360352658,0.420429536,0.248122319,0.255114101
TCGA-BH-A1FH,0.660136221,0.311122222,0.395666526,0.503879688,0.346149637,0.454142323,0.380302555,0.150606908,0.260696902
TCGA-AC-A3W6,0.730459685,0.328901869,0.399743977,0.467651009,0.448241677,0.572681985,0.545419903,0.209790408,0.279333584
TCGA-C8-A1HL,0.534352609,0.323974424,0.328251943,0.392381183,0.288645148,0.354041114,0.592420018,0.119240526,0.203654069
TCGA-A7-A13H,0.564808251,0.316488249,0.414245978,0.427739013,0.42957543,0.438720537,0.495772721,0.263541841,0.254721196
TCGA-B6-A0RI,0.55688411,0.300887604,0.281013767,0.39952453,0.277870009,0.413782798,0.460676363,0.170561023,0.205758846
TCGA-EW-A1J3,0.460963739,0.306604733,0.362563506,0.386357626,0.292225209,0.443644389,0.470907694,0.207832723,0.21932967
TCGA-B6-A0I1,0.456213191,0.331138982,0.369872719,0.327050265,0.279848889,0.375989835,0.606174519,0.080682278,0.250971877
TCGA-BH-A0DQ,0.623037321,0.313266498,0.397162383,0.442065473,0.397080713,0.457336395,0.38843093,0.154603245,0.256571696
TCGA-B6-A40B,0.722270771,0.304028012,0.433296624,0.411286252,0.355045983,0.567722599,0.639039533,0.224772654,0.291714959
TCGA-E9-A249,0.500073984,0.322903524,0.426960539,0.40035966,0.265103882,0.431164804,0.526191036,0.132919108,0.202152253
TCGA-BH-A0BC,0.61630565,0.31671094,0.406331245,0.448293338,0.331303281,0.467047921,0.41074271,0.156659813,0.231328811
TCGA-AR-A24M,0.493465196,0.29433472,0.35635861,0.402618699,0.349816841,0.40624274,0.491035437,0.221844409,0.214890397
TCGA-AN-A0XO,0.569754581,0.313101544,0.357885404,0.398211513,0.358820704,0.403150783,0.60613899,0.227621768,0.254126999
TCGA-AC-A23G,0.662793128,0.319187817,0.372983474,0.471386449,0.393284124,0.450373045,0.490235977,0.176714062,0.291724653
TCGA-OL-A66I,0.813982673,0.392019992,0.547426149,0.415881578,0.446023312,0.601265447,0.509241861,0.122974136,0.285221468
TCGA-AN-A0XW,0.582118241,0.323902388,0.411642783,0.444228275,0.34781194,0.363684457,0.415931344,0.168348346,0.289119933
TCGA-C8-A1HM,0.588151655,0.337201539,0.303988914,0.367868207,0.391299455,0.368794017,0.333325836,0.651835285,0.278093928
TCGA-B6-A0RO,0.547841593,0.311480772,0.3825131,0.399022188,0.3430105,0.741229747,0.546050964,0.188722378,0.218677877
TCGA-E9-A22D,0.649711534,0.46249752,0.595227215,0.505603405,0.466451916,0.62148089,0.609224704,0.594203354,0.375028182
TCGA-EW-A3E8,0.736182706,0.318806814,0.463534164,0.445388787,0.39000955,0.633575954,0.555968604,0.195952404,0.285429994
TCGA-D8-A27G,0.587635938,0.337878548,0.450958293,0.480582344,0.587751341,0.625052705,0.565746651,0.538007754,0.279851882
TCGA-D8-A1X9,0.48333814,0.339972399,0.417711394,0.396400806,0.458276547,0.486447901,0.649268711,0.267120457,0.286346999
TCGA-E2-A10C,0.600560201,0.343566153,0.352217277,0.385509445,0.348650739,0.664695531,0.671087835,0.143928404,0.264580631
TCGA-AR-A255,0.553307393,0.37897277,0.418010459,0.414940568,0.406482858,0.449291107,0.580250199,0.233496919,0.282130325
TCGA-B6-A0RV,0.55751129,0.310661453,0.413910578,0.422516084,0.471312505,0.59103181,0.508135371,0.209585525,0.236406128
TCGA-E2-A1IU,0.675320143,0.311865937,0.307392446,0.398410051,0.574203787,0.313475169,0.369961812,0.346463637,0.254392329
TCGA-EW-A1OX,0.545066505,0.330484061,0.571813621,0.37363714,0.370294323,0.389878861,0.689615925,0.132194653,0.380628537
TCGA-D8-A1JK,0.712280054,0.342026413,0.254169743,0.396779188,0.592886145,0.575308714,0.600479118,0.143823903,0.371852239
TCGA-BH-A203,0.67366551,0.321805794,0.430494537,0.511014733,0.397351106,0.481583208,0.405810591,0.194291397,0.281545919
TCGA-E2-A1BD,0.433093819,0.289401321,0.385091976,0.369121294,0.702485562,0.613526311,0.658235774,0.184826197,0.19494601
TCGA-D8-A27M,0.66940508,0.338875052,0.360422288,0.402981866,0.299905312,0.542316681,0.522562189,0.167257096,0.266155432
TCGA-AR-A5QM,0.756033294,0.359199857,0.406541037,0.484542414,0.491917205,0.624412139,0.565485305,0.189568249,0.307092148
TCGA-PE-A5DC,0.493315518,0.301168417,0.499199703,0.364449332,0.32649705,0.553492257,0.559397835,0.088300184,0.233896439
TCGA-AN-A0XV,0.559413154,0.341913218,0.516022696,0.41804114,0.300523296,0.505457838,0.595530413,0.180402254,0.265047729
TCGA-BH-A1FD,0.637587661,0.330795425,0.400531427,0.495729924,0.308490617,0.382607965,0.358819895,0.164604828,0.244856398
TCGA-A7-A4SA,0.579918062,0.327920866,0.376139996,0.439470769,0.334227797,0.437276098,0.499232189,0.146229597,0.300364725
TCGA-BH-A0DK,0.574549364,0.28774778,0.415608086,0.453966821,0.528857566,0.494763522,0.47331896,0.137948172,0.240874755
TCGA-C8-A273,0.500140019,0.327761516,0.359324414,0.41128701,0.444772106,0.546741917,0.548321895,0.164631586,0.209227223
TCGA-B6-A0IK,0.601421581,0.307186888,0.417876055,0.404039524,0.457204055,0.675336313,0.593803081,0.125469416,0.235484389
TCGA-BH-A0BJ,0.636905978,0.308982413,0.402033745,0.457439756,0.395414183,0.41700919,0.372947133,0.139747619,0.259055447
TCGA-BH-A0BA,0.664603136,0.29857049,0.415480204,0.49105854,0.34190111,0.451685213,0.410139912,0.1392447,0.286005263
TCGA-GM-A2DL,0.557404527,0.315048532,0.436068769,0.451181783,0.538622002,0.690300153,0.582771087,0.24467095,0.254991396
TCGA-AR-A1AM,0.549722883,0.323023048,0.329417859,0.444826536,0.446585298,0.376425376,0.357658905,0.139333271,0.245094234
TCGA-D8-A1JP,0.46364013,0.279246104,0.504580797,0.383800834,0.236019639,0.673252315,0.574971082,0.098033894,0.233648851
TCGA-E9-A1NF,0.761883058,0.349519772,0.418202967,0.553981582,0.29104666,0.403267282,0.374760368,0.187863402,0.298237243
TCGA-E9-A1R7,0.742174063,0.310907977,0.410871482,0.530759029,0.340227997,0.420710127,0.364060443,0.175224449,0.275425284
TCGA-A2-A1FV,0.425659321,0.309935496,0.420148535,0.39024867,0.368362825,0.296640843,0.348590079,0.433626145,0.299637788
TCGA-MS-A51U,0.630709523,0.309929522,0.372459764,0.448678986,0.328227159,0.369718753,0.406452554,0.181566112,0.254703847
TCGA-EW-A1PC,0.368300505,0.378849661,0.239714912,0.350539784,0.3858976,0.350876097,0.477497479,0.743051705,0.189996905
TCGA-AQ-A1H2,0.377819908,0.27142297,0.24251125,0.343424411,0.245013874,0.515262602,0.628656434,0.149323177,0.188913007
TCGA-AO-A0JC,0.863018505,0.39379419,0.435331476,0.465805922,0.450167312,0.48501481,0.459464247,0.23146014,0.335957711
TCGA-E9-A1R3,0.529309651,0.29467582,0.295523112,0.379600486,0.295138164,0.497024721,0.468317019,0.115906741,0.247203488
