1,0,0,0,0,1.18146356,-0.262673903,0.806192407,0.704054712,0.253328405,0.065492119,0.344083343,0.104916181,-0.416764665,-0.375229571
2,1,0,0,0,0.714068249,0.29834779,1.031866146,-0.166831307,-0.130501513,-0.833841346,0.158930462,0.179959497,0.491130883,-0.215914491
3,1,0,1,0,0.088726418,-0.658950991,1.53441646,0.52133819,0.883307609,-0.163683835,-0.322911718,0.19826789,-0.685379582,-0.047551047
4,0,0,0,0,0.979636784,-0.351914339,0.837508269,0.93556089,1.755499149,0.704041522,-0.217816074,0.075744262,-2.015851166,-0.572401934
5,1,0,0,0,1.939847195,-0.778701689,0.565604277,-0.613132167,-0.023827016,0.58046042,-0.50056447,0.051919691,-0.963351165,-0.398516
6,0,0,0,0,1.988737542,1.752887272,0.618524368,1.308547446,-0.27756731,-0.233318675,-0.312461051,-0.064399659,0.12126738,-0.14452801
7,0,0,0,0,0.944878885,1.403762287,-0.223016586,1.110502852,-0.170177848,-0.685528988,-1.502475416,0.739572756,0.018770108,0.005508311
8,0,0,1,0,-0.849174706,-1.397340804,2.9274182,-0.403607236,0.017743506,0.760816193,-0.235379576,0.428967368,-1.942552825,0.410827833
9,1,0,1,0,0.283707036,-0.796442059,0.611945546,2.463302884,-0.709331766,0.893570132,-0.14167503,4.476163669,0.685414056,-0.059789061
10,0,0,0,1,-2.642432509,-1.518327023,1.73255966,-1.209841752,0.338384745,0.142526989,0.035838133,-1.370070218,-1.266377443,0.100288258
11,0,0,0,0,2.322062623,1.45507535,0.163049409,2.183144856,-0.658350901,0.155965641,0.490023479,0.05419001,-0.101358051,-0.356275421
12,0,0,0,0,-1.759534484,-0.945471676,0.357673052,-0.638329311,0.08404572,1.2770198,-0.091839479,0.140239835,-1.77457788,-0.12836472
13,0,0,0,0,-3.542022374,-1.239108199,2.111664811,-2.371037336,0.838370992,0.877786236,-0.504331346,-1.553055942,-1.745385016,-0.826241135
14,1,0,1,0,-0.072452636,0.446904124,0.140114194,0.711992108,-0.442000505,-0.456137249,-0.245279087,2.831642949,-1.219295531,-0.059539881
15,0,1,0,0,-0.209286165,0.140422285,-0.635535899,1.99996821,-0.063335535,-0.796187894,0.439264141,1.545418777,0.736622705,-0.287122311
16,0,0,1,0,-0.567345542,-0.254216742,0.931049948,-0.30211212,0.258632732,-0.961092256,-1.983655846,0.255531158,-0.277431247,0.11150515
17,0,0,1,0,-0.30643094,0.867764403,-0.310659161,0.982725787,-0.65026603,-0.557700119,-1.318307713,-1.839210113,-0.627009165,0.064948403
18,0,0,0,0,0.096865298,0.358118239,0.545199843,-0.059711034,-0.374917309,1.629416185,-0.640844488,0.630638463,-1.002417483,-0.000466677
19,0,0,0,0,-5.126370915,1.108303223,-0.218080101,-1.781351965,-0.443781311,0.053931072,1.289316956,-1.781788412,0.554706371,-0.253788798
20,0,0,0,0,0.753413461,-0.851536832,-0.146916915,1.355139041,0.314492864,-0.315761496,-0.111416261,0.670143448,-0.632861344,0.410452846
21,0,0,0,1,-1.289982176,0.523141428,-0.699738725,-1.648974315,-0.699123536,-0.253256758,0.839656759,0.009184463,0.309129673,0.813675838
22,0,0,0,0,-1.666881347,0.121275202,-0.989788944,-1.265455412,-0.520941823,2.183267178,0.993895815,0.026058514,0.067788991,0.292263165
23,0,0,0,1,-2.431049472,-0.958619491,-0.530015719,0.098430172,0.372322985,0.11024704,0.352205549,0.137881541,-0.221271633,0.464683481
24,0,0,0,0,0.663376162,0.302931992,-0.740634621,0.110781669,-0.554962838,0.345186579,0.672221901,-0.057281723,-0.570180626,0.096271389
25,0,0,0,1,-1.294666612,-1.40288072,1.211416334,-0.433532199,0.177850705,0.93790125,-0.53678905,0.35376744,-1.566475384,0.178642989
26,0,0,0,0,-1.865616133,-0.944110792,1.223020706,-0.887861956,0.076934105,-0.183246145,-0.252851054,0.136949608,-0.785108249,0.239489074
27,0,0,0,1,-1.817193064,-0.856090721,1.252275173,-0.397470065,0.453996255,1.311419353,0.147875987,0.050092238,-0.328656262,-0.027703299
28,1,0,1,0,-0.014294171,-0.400710308,0.077809409,-0.249419066,0.109006954,-0.836511538,0.33528558,0.220485797,0.041090962,0.166264426
29,0,0,0,1,0.562957413,-0.300286081,1.893704625,0.440919118,-0.271933728,0.158138525,0.761860805,0.181711439,-0.967634019,0.144539473
30,0,0,0,1,-2.246452312,1.035239127,0.628145509,-0.919615981,-0.371906344,2.406469432,0.02002112,-0.008943078,0.018013803,-0.017248985
31,0,0,0,0,0.525989536,0.818587687,-0.707503805,0.661744439,-0.75477496,-0.351755374,0.070053815,-0.012049558,0.183542597,-0.143945954
32,0,0,0,1,-4.797447009,1.574189512,-0.936915025,-1.842779776,0.547479237,2.801152731,0.839756285,-2.082144251,0.193992091,0.370855204
33,0,0,0,1,-4.551441129,-0.587619724,0.785419137,-0.583275737,-1.016919498,-0.111277949,1.131630397,-1.203612518,0.020023098,-0.140036403
34,0,0,1,0,0.81903253,-0.030798847,-0.797778559,1.429146207,-0.462044887,-0.092061896,-0.237388639,3.281783602,0.339824342,-0.003259983
35,0,0,0,1,-4.945702559,0.434199101,-0.68779937,-2.010333993,0.423597512,2.607996347,1.105335619,-2.119101878,0.678150338,0.200268112
36,0,0,0,1,2.606182956,-0.22732365,2.0069484,0.02016591,0.079035874,-0.003517992,0.285187375,0.265518267,-0.360893479,0.490380993
37,0,0,0,1,-2.266683336,0.892683682,-0.008393837,-0.825164913,-0.185401571,1.921865076,0.556155723,-0.358135412,0.65959446,0.50998076
38,0,0,0,0,2.88391331,1.329294948,-0.622734495,0.590411887,-0.886719122,-0.359395323,-1.022252572,1.652115089,0.759785802,0.100128008
39,0,0,0,0,-0.554258111,-0.89415524,0.792320352,-0.44739218,1.33490737,1.09317184,-0.048229172,2.167328754,-0.81628396,-0.403962855
40,0,0,0,0,-0.24632613,-1.203436974,2.707796879,0.265941286,0.121618981,-0.069035004,-1.213290198,1.416602359,-1.100779143,-0.098968718
41,0,0,2,0,-3.686145611,1.433707789,-0.255247053,-1.626424115,-2.081472282,0.256539806,0.002865503,-1.579999417,0.749987862,0.422447544
42,0,0,0,0,1.540041492,1.591396062,-1.05935055,-0.124460347,-0.060797588,0.279619348,0.410677629,2.953435954,0.662753972,-0.318217406
43,0,0,0,0,0.645594396,1.120243779,-0.858832904,0.677875913,0.018602855,0.107818099,0.048937563,-0.188906014,-0.076911995,-0.37813153
44,0,0,0,1,-2.233652955,1.05173791,0.231171336,-1.909584958,-0.659835574,0.393873948,1.536922666,-0.264243106,0.579229942,0.5990137
45,0,0,0,1,-2.89150182,-0.294803546,-0.081960453,-1.150277645,0.784486587,0.90624269,0.329749394,-0.855591526,-0.575817627,1.094417166
46,0,0,0,0,2.193439384,0.403248354,-0.478980803,0.270859818,-0.435674354,0.475057875,-0.150120523,2.854553612,0.088184419,-1.351490162
47,1,0,1,0,-0.728686554,-1.032214112,1.966106854,0.087264303,1.669145488,1.31349563,0.547835504,3.283643405,-1.729250255,-0.559003523
48,0,0,0,0,-2.734252657,1.315651236,-0.554620916,0.66758921,-0.362493996,0.679759324,0.479399468,-0.155822263,0.17846826,-0.132971621
49,0,1,0,1,0.945913782,2.394043382,1.66290857,1.667418345,0.19650987,-0.351358292,0.354365785,-0.136751806,-0.115205785,-0.079565038
50,0,0,0,1,-2.503338402,0.685106372,-0.149900356,-1.774405951,-0.167955386,-0.43056967,0.762020014,-0.104704719,0.514228009,0.223706424
51,0,1,1,1,1.576575605,0.132561908,-0.78048505,2.019565241,1.205138578,-0.390295504,1.336628718,0.275328341,0.198427434,-0.090200811
52,0,0,0,0,-0.436046386,-0.409696176,2.164305985,0.48814003,0.453398202,1.006777905,0.24333506,0.191949404,-1.304420125,-0.216113784
53,0,1,1,0,2.767044678,-0.182984085,-1.235528133,0.232074861,-0.041401475,-0.605894448,0.329879531,4.077599805,0.425671267,-0.777573385
54,0,0,1,1,0.160821162,-0.712487049,2.320044087,-0.531180528,0.466669786,0.497817025,0.606984755,0.078856298,-0.010171652,1.080015277
55,0,0,0,0,-1.235369355,-1.559361758,2.050709409,-0.643579966,0.545285623,0.163856505,0.110505079,0.439211739,-1.958456436,0.668017452
56,0,0,0,1,-2.461153041,0.170269934,0.533684824,-1.789346115,0.893624867,0.030705579,1.750115698,-0.209056988,0.39358442,-0.166099542
57,0,0,1,1,1.098838701,0.848818016,-1.011062971,1.511639819,0.292398764,-0.498227838,0.948267965,3.251892,0.365460768,-0.41487777
58,0,0,0,0,0.438371014,-1.087214206,-0.204538272,0.547713556,1.47097548,0.024126973,0.241648148,0.909453749,-0.576478947,-0.444084406
59,0,0,1,0,1.420275069,-1.140191529,0.46564325,1.410091801,0.947447056,-0.605456242,0.854037123,3.522230747,-0.187137645,-0.129436017
60,0,1,0,0,1.981091916,-0.165647264,-0.171931425,0.321791335,-0.1390831,-0.004892708,0.233667961,2.964258846,0.033354538,-0.306168826
61,0,0,1,0,-0.277311459,-0.811262867,0.533913044,-0.533909135,0.959714995,0.056416071,-0.060720167,2.530314324,-0.418435734,-0.46291275
62,0,0,0,1,0.122696926,0.89083913,-0.069982506,2.042052893,0.561894761,-0.041028411,-0.005352258,1.619064498,0.396542843,-0.484486102
63,0,0,0,0,-4.605589531,0.808627727,0.551048303,-1.92330587,0.825374121,0.593066796,0.030236628,-1.924242239,-0.291994095,0.940782931
64,0,0,0,0,0.045722614,1.242004897,-1.699111017,-0.296267808,0.443467118,0.675238345,-0.535429597,0.692566313,0.677437001,-0.82173869
65,0,0,1,1,-0.093769065,0.866960653,-0.704970425,0.390453652,0.585906622,-0.545522647,0.40137747,1.290316816,0.33936399,0.149051578
66,1,0,1,1,-0.052153322,-0.643552883,0.50815953,0.838842209,0.871422832,0.207452217,-1.084647759,2.752060763,-2.607002703,0.025141399
67,0,0,0,0,-4.37303848,1.02336103,-0.4403618,-0.54059232,-0.564344233,-0.444846705,0.557826445,-1.575625742,0.411289224,-0.365804187
68,0,0,0,0,0.335730936,0.229518223,-0.064383397,0.825053099,0.501974631,0.043534069,-1.536431915,-0.159683187,-1.281329461,-0.043907341
69,0,0,0,0,-0.156312856,-1.266296773,1.668447573,-0.993915577,0.640265256,0.544475375,-1.49966725,-0.210311354,-2.266057614,-0.171283804
70,1,1,0,0,-1.152768052,-0.766119381,1.522759432,-0.492199453,0.071982339,-0.521132051,-0.767219827,2.489152272,-0.552248117,-0.031559876
71,0,0,0,0,3.164859798,0.43644667,-0.398294764,0.908905351,-0.883875283,-0.064047328,0.846360878,2.035178553,1.008764661,-0.452730333
72,0,0,0,0,1.989251456,-0.650656977,0.43973557,0.172500558,0.059188486,0.614679308,-0.624038848,-1.257353345,-1.463399454,-0.088738707
73,0,0,0,1,-4.460029598,0.040426737,0.112549955,-1.943754652,-0.079591129,-0.144259924,0.214225993,-1.859930295,0.278205316,-0.189186216
74,0,1,0,0,0.638620471,-0.324117721,0.258253463,-0.288763189,0.256337312,0.126682089,-0.261646863,1.020314174,-0.548453593,-0.238181433
75,0,0,0,1,-1.555803918,1.498541411,-0.83542791,0.652042506,0.594625271,-0.079865805,0.631558662,2.550494238,0.942190715,-0.400564441
76,0,0,1,0,-2.57848026,-1.188686952,0.045964051,-1.199106567,1.850891637,0.656793551,0.208546159,0.068569864,-0.98254137,-1.659733015
77,0,0,0,1,-5.345534028,1.026105759,-1.559557584,-2.022245514,-1.804124713,-0.296295568,0.31097535,-1.763876995,1.238229153,-0.255145531
78,1,0,0,0,-1.015719344,-1.277174705,2.354685899,-0.831838628,0.715578245,0.081196051,-0.289860471,0.896045596,-1.959739439,0.735582371
79,0,0,0,0,-1.927632517,-1.018921437,0.659478097,-0.777345813,-0.176789717,0.254067865,0.713712386,0.06042402,-0.824229544,0.375678385
80,0,0,1,0,2.983712471,-0.117205832,-0.857885759,1.857178898,0.198871117,1.128445325,1.486871067,0.480731837,0.163431906,-0.084137429
81,0,0,1,0,-0.528032098,-0.47776395,-0.196819652,0.869691365,1.197378635,-0.241222808,-0.995551324,0.157466465,-1.237692001,-0.192731682
82,1,0,0,0,-1.578723223,-0.830613571,1.14300586,-0.349393015,2.166809657,0.529538631,0.290344916,0.165395718,-1.751629602,-0.270569777
83,0,0,0,0,-0.614633353,-0.992499566,1.126053084,0.804197374,0.7544425,0.730635387,-1.020946048,-0.022169553,-0.544231737,0.016317058
84,0,0,0,0,-0.524350885,-1.115009488,1.235245478,-0.391309652,1.629894678,0.94324995,0.344161725,0.323421616,-1.986234104,0.293719482
85,1,0,1,0,1.209592547,-0.555363745,0.073652208,-0.023401077,0.579767743,0.871756687,0.455365991,0.056655526,-0.821629753,-0.641698227
86,0,0,0,0,3.128952891,-0.151532204,-1.088580243,0.012415697,0.006912309,0.564903507,-0.32767405,-0.824455346,-0.12142885,-2.098504492
87,0,0,1,0,-0.525673903,0.246629523,0.136906379,0.784173705,0.588595887,0.539039697,-0.208939806,0.027927218,-0.176091589,0.184819724
88,0,0,0,1,-2.975774309,1.533194798,-0.79441346,-0.078611525,-0.273874892,4.997568734,-0.010147616,-0.375107457,0.279455235,-0.127905368
89,1,0,0,0,1.442392443,-0.502013668,0.260426221,0.936967624,0.513539319,1.264449173,-1.12123791,0.494705726,-0.166054606,0.012811307
90,0,0,0,0,0.41547752,0.546413437,0.742048035,0.487342385,-0.101622087,0.602479965,-0.322545536,3.060412304,-0.513716617,-0.525244021
91,0,1,0,0,0.040772826,-0.608031594,0.656490728,-0.22024818,-0.927091208,-0.593499005,-0.787059655,0.237424147,-0.813216892,-0.072950317
92,0,0,1,0,-2.432812359,-0.24869874,3.273150728,-0.638171542,-0.20390137,1.050395544,-0.177728309,-0.43038889,-0.999200695,0.163065673
93,0,0,1,0,-0.929079935,0.5275368,1.938235398,-0.247963699,-2.019594883,-0.731274219,-0.022202047,0.725306753,-0.080341064,0.258965765
94,0,1,0,0,2.046270705,0.386824265,-0.604109797,1.58251961,-1.078024989,-0.305116738,-0.121809948,0.011276282,0.129106541,-0.035772759
95,0,0,0,0,1.950433149,-0.306507199,-0.64786485,0.185179498,0.291520546,-0.301372766,0.184489671,-0.409538693,0.719369299,-0.182372528
96,0,0,0,1,-0.157322433,0.069911848,0.409931287,1.001501125,1.447470321,0.635441723,-0.181735739,-0.203948736,-0.204201504,-0.109090721
97,0,0,0,0,2.66323174,-0.484378512,-0.155432153,1.729119855,-0.831162493,-0.894898401,0.042826144,5.713728109,0.397304519,-0.236456945
98,0,1,0,0,0.464762096,-0.211305072,0.914097141,0.175060194,0.425348621,0.96918488,-0.50829471,0.225913084,-1.386521566,-0.400756233
99,0,0,0,1,0.078855573,-0.516538881,-0.111899747,0.756111736,0.302515773,-0.441705491,0.499953388,1.432096559,-1.151368468,0.006203081
100,0,0,1,0,0.217996591,-0.595364357,0.04235864,0.717797283,-1.830989567,0.43886493,0.136098284,0.482402623,-1.397716683,-0.221979956
101,0,1,0,0,-0.1787436,0.699275617,-0.613839508,1.042392033,-1.778997315,-1.160528979,-0.623651611,1.595525096,-0.375844879,0.09855958
102,0,0,1,0,0.224992403,-0.096343927,-0.220115293,0.448949456,-0.007697504,-0.229357609,-0.070096145,2.172552061,-0.44059855,-0.028854694
103,0,0,0,0,-0.596852769,2.831339722,-0.065039503,1.212398128,1.596454257,0.783824529,0.214170019,3.321344146,-1.183749683,0.27910774
104,0,0,1,0,1.639427557,-0.576861877,0.063236446,-0.037138432,0.107299572,-0.207296072,-0.616500644,2.561463817,-0.12192109,-0.287350763
105,0,0,0,0,0.302851424,2.386959916,0.075233567,0.135276544,0.805396249,-0.378915723,0.096213833,-0.16214597,0.326686677,-0.30694109
106,0,0,0,0,-0.325360725,-0.292174951,-0.285967645,0.298760204,1.118737363,0.763682372,-0.026972626,1.97746127,-1.198023626,-0.838678136
107,0,0,0,0,-2.822255828,-0.530099674,1.126003024,1.075795007,0.529903119,-0.093120731,0.253322883,-1.91632514,0.022626075,0.058593582
108,0,0,0,1,-1.024672085,-0.088425401,1.067076627,-0.526720621,0.443512419,0.91409195,0.974341683,0.145038076,-0.194854051,0.043947968
109,0,0,0,1,-5.078010673,0.348557867,-0.646888238,-0.92585144,-0.494214784,1.164325837,2.8292033,-1.726770014,0.522272059,-0.381543114
110,0,0,0,1,-0.616804003,-0.544512554,-0.169965773,1.022924689,0.995048952,0.058792896,0.02035472,-0.624513291,-0.479043777,0.167262476
111,0,0,0,0,1.713976976,2.03362203,-1.293089696,2.467788919,1.012565769,1.281170187,0.623696484,0.452386834,-0.090973502,-0.351973363
112,0,0,1,0,1.433717613,0.016017057,-0.288846073,0.178228133,0.912516995,-0.368577718,0.393877791,-0.182707164,-0.21804624,-0.130375027
113,0,0,0,1,-4.187038442,0.194089519,-0.57729077,-2.084276221,-0.83973131,-1.067655416,0.957198137,-2.052357372,1.169752233,-0.226666134
114,0,0,1,1,-2.069581105,-0.408334361,1.617632452,-0.176147788,-0.859596974,-0.434919658,-0.618664884,0.780694512,-0.68360979,0.099852835
115,0,1,0,0,-0.13646368,-1.380461301,3.181378889,0.762609721,0.342230581,0.004226441,-0.456809906,0.169249314,-1.376528468,0.306488209
116,0,0,0,0,1.283559758,0.551462045,-0.716771361,2.037550497,-0.42763722,-0.568679461,0.202144093,0.677053584,0.601715168,-0.340336701
117,0,0,0,0,2.234149078,0.423263047,-0.051173188,2.054298219,0.91807235,0.337188173,-0.169046618,-0.105335999,-1.877137716,-0.193669989
118,0,0,0,0,1.357555231,0.7887227,-0.738487059,2.057179347,-0.387291432,-1.048996227,-0.284526785,-1.848416288,0.7685952,-0.201132007
119,0,0,0,1,-0.828323644,1.161588999,0.580527145,-0.477900023,1.072999631,1.006191648,0.305607222,0.092365915,0.578942559,0.649626379
120,0,0,0,0,2.568509925,-0.22424442,-0.868075551,-1.216826485,0.14612171,-0.017435578,0.287846853,0.305128736,-0.412846953,-0.282436369
121,0,0,0,0,0.960054063,0.61633704,-0.902292531,0.668349296,1.100482561,0.29241616,0.111533603,3.301057031,0.009252781,-0.837700508
122,0,0,2,1,0.042821626,0.770925848,-0.236530246,-0.102488304,-0.555241046,-0.070378878,0.794028609,-0.034650715,0.063657677,-0.03533327
123,0,0,1,1,-2.143952245,0.962898462,-0.220012237,0.508336727,0.550523044,-0.13227389,-0.107619677,-0.173991746,-0.167614223,1.022648564
124,0,0,0,0,2.739519195,0.820168703,-0.496472655,0.174475756,-0.933033669,-0.715837439,0.377493685,0.140495672,0.640757869,-0.239504827
125,0,0,1,1,-2.568484491,-0.025977274,-0.397543129,-0.57145649,-0.71817621,0.62171129,0.868883616,-0.071228326,-0.04973793,-0.043363911
126,1,0,0,0,1.23497836,0.825179686,-1.030647384,0.866554838,-0.43634323,-0.176956968,0.305410272,-0.032090302,0.59712505,0.28954766
127,1,0,0,0,0.322159541,-0.64233992,0.381824439,0.60166629,-1.049780165,-0.112734092,0.798412875,2.976496498,-1.860446604,0.325662579
128,1,2,1,0,-0.553971954,-0.142463597,-0.590080055,0.994799382,0.201601285,0.085178619,1.022710898,0.135824145,-0.060971857,-0.244617298
129,0,0,1,0,-0.857505096,-0.103628207,-0.028841475,0.652689831,0.578513345,-0.086140831,0.00463615,0.201638759,-0.379497226,0.034877007
130,1,0,1,0,-1.648248526,-0.688778821,1.808482862,-0.002231026,0.91665074,0.110191246,-0.98745257,0.164084688,-1.425914859,0.239131554
131,0,1,1,0,1.63473668,1.504102178,0.041537715,0.149836173,0.023579133,1.419684662,0.563131574,-1.955279866,0.118152557,-0.180183926
132,0,0,0,1,-1.150205652,-0.108830926,-0.429960637,0.019861595,0.562937715,-0.079777155,1.531739278,-2.00691827,0.34394271,-0.028181432
133,0,0,0,0,0.800341274,-0.561083141,0.72025759,0.411318327,-1.097238935,0.015233267,-0.058589336,-1.705786588,-0.517110356,0.064767646
134,0,0,0,0,2.140499721,0.436996689,-0.008829224,-0.064598336,0.454554396,0.449593882,0.585344498,0.353817957,0.263413461,-0.07869446
135,0,0,3,0,-0.169189941,0.444814,-1.07461781,0.061644001,0.40905601,-0.488444551,0.43427638,1.536151059,0.646523214,-0.141320464
136,0,0,1,0,4.300089788,0.239083925,-0.802812943,0.807937552,-0.457911008,-0.905241373,0.592044236,3.473780299,0.855344519,-0.43238191
137,0,0,2,1,-1.894022463,-1.114846982,-0.559892275,0.661245312,1.487214722,1.400869006,-0.119227535,0.064056069,-1.048757932,0.525085539
138,0,0,1,1,-2.861903498,0.32758952,1.341324338,-0.41019175,0.765095902,0.636152224,0.686314698,-0.246251479,0.330995716,-0.473459363
139,0,1,1,1,1.250850205,2.530323421,-0.317954845,0.319518011,0.456664526,-0.154230753,0.640614635,-0.337240101,0.847628879,1.117602583
140,0,0,1,1,-2.649019466,1.912024838,1.038154088,-0.472525327,0.561521185,1.256555838,1.288059102,-0.085968566,-0.085543331,-0.223902938
141,0,0,0,1,-3.490949491,2.016864162,-1.055120666,-1.81948539,-0.868340903,0.390980079,0.152971899,-0.939797437,0.778234379,0.421306209
142,0,0,2,0,2.01512241,0.313293674,-1.045918768,1.565739895,0.700334314,0.182081019,0.053129548,1.246486573,0.213445954,-0.356342892
143,0,1,0,0,2.555851177,0.491919113,0.00011955,1.723250366,-1.618826606,0.319924591,0.628319364,4.365128134,0.822766278,-0.23965755
144,0,0,1,0,1.589163694,-0.088932574,0.551688741,0.904453193,1.270107113,0.989897224,0.049340098,-0.196458303,-0.478231485,-0.299954055
145,0,0,0,0,1.999617814,-0.682098881,0.170794547,0.724761188,0.121251852,-0.259214778,0.591413166,-0.072359704,-0.027602069,0.019329975
146,0,0,0,0,1.911485469,-0.493615143,-0.798301724,1.732294506,-1.136339405,0.409643408,0.727582469,1.405492266,0.639943344,-0.135567085
147,0,0,0,1,0.857178144,-0.556350979,0.630367758,0.708138168,0.660230973,0.400147662,0.185224719,2.134157672,-0.563314851,-0.176610634
148,0,0,0,0,0.925254817,0.335604285,-0.816152861,1.39256147,0.984675899,0.737856991,0.820637824,3.692167715,0.115605898,-0.049573347
149,0,0,0,0,2.751641542,-1.846872685,0.770058003,-0.77349166,-0.820729726,-0.492177217,0.276467364,3.212940233,-0.048982832,0.314184569
150,0,0,0,0,1.188913453,-1.11596451,0.624475177,0.222744433,0.442245923,0.7201815,-0.869443675,-0.850528495,-1.224808597,0.122824184
151,0,0,0,0,2.906631323,-0.401567514,0.418070454,0.32355446,-0.163171376,0.027195168,0.696674159,3.662748673,0.611374209,-0.044631106
152,0,0,1,0,0.64771188,-0.134033859,-0.601655257,0.787617569,1.20405161,0.345980535,1.090677803,-0.047064926,0.044394961,-0.680569839
153,1,0,1,0,1.679682671,0.920148668,0.119368323,1.387762535,-0.229476191,-0.218195565,0.365080685,1.432467564,0.272392367,-0.11406177
154,0,0,0,1,-2.426749146,0.149078013,-0.199327593,-1.846875097,-0.244447162,1.106820655,1.36408127,-0.1069277,0.229604729,-0.428433704
155,0,0,0,0,0.037906515,-1.279380131,1.090005405,-0.899908924,-0.179123028,0.693463101,-0.355279437,2.901186981,-0.667235422,-0.317252028
156,0,0,1,0,0.684081804,-0.214189064,-0.653980898,1.040466437,0.405275568,0.463957812,0.348829445,2.403097029,-0.291276463,0.031906345
157,0,0,0,1,-4.762477407,-1.010601217,-0.177615789,0.322419608,-0.252781601,0.250740402,0.46071317,-1.867800923,0.144556542,1.114220615
158,0,0,0,0,1.993031461,-0.232186918,-0.055138709,-0.887918434,0.188891701,0.361225741,0.252386678,0.88789483,-0.241071932,-0.139427142
159,0,0,0,0,2.772513297,0.009717845,-0.026302212,0.049232945,-0.249408576,-0.215529667,0.395812689,3.510512311,-0.043179364,0.124728546
160,0,0,0,1,-4.160201281,-0.554349095,-0.182766198,-2.013031979,-0.736064529,0.630039002,1.287760091,-1.410660372,0.348432225,0.180853304
161,0,0,0,0,2.661270159,-0.391853979,-1.099580043,-0.052479695,-0.531124216,0.251327835,0.476603671,-1.270619445,-0.242421143,-0.513900479
162,0,0,0,1,-5.37708696,0.490556183,0.876967773,-2.204176187,-0.820676498,1.930551538,-0.002217968,-1.911780355,-0.304484334,0.296338025
163,1,0,1,0,-1.189716085,-0.187811076,0.14384066,0.057418402,0.128026753,0.541717934,-0.469790531,-1.531364861,-1.171964293,0.089138817
164,1,0,0,0,0.422254368,-1.367425744,2.000794524,0.472630165,1.083659313,0.689986701,-0.455425088,0.211850031,-1.934008074,0.00612621
165,0,1,1,0,1.675618422,-0.724213898,-0.444575229,1.298994758,-0.350785891,-0.149878788,0.316737276,0.351127569,-0.209425766,-0.11368021
166,0,0,1,0,0.762527783,0.175261186,-0.884521568,1.60673295,-0.164666523,0.464108139,0.350352284,0.323058407,-0.087541194,-0.165554405
167,0,0,0,1,-0.245379216,-0.826059535,-0.280818963,0.658373998,-0.059335928,-0.312335741,0.902193492,-0.338957267,0.059452403,-0.286126222
168,0,0,1,0,0.231323006,-0.110776493,-1.165391046,1.007556165,-0.193156247,0.435837394,0.311375246,0.034556576,-0.232265762,-0.111171808
169,0,0,0,0,-0.396531984,-0.479224839,1.070950411,0.137829929,0.19471765,0.863623432,0.026545616,-0.017977934,-0.878479482,0.095136339
170,1,0,1,0,2.665611752,-0.066824975,0.190480244,1.007279203,0.637084501,-0.21804192,0.213751945,0.155767639,-0.678196267,-0.003664392
171,1,0,0,0,2.082846157,-0.251085757,0.616132706,1.075326498,-0.464315544,0.665519264,-0.033153414,0.006782701,-0.508904645,0.05014683
172,0,0,0,0,1.655527668,-0.488409716,0.850709826,0.721034374,-0.312787914,-0.317427878,0.140582599,-0.010754702,0.623399702,0.14367529
173,0,0,0,1,-4.936832195,2.536576005,-0.405449206,-2.185608575,-1.468664813,2.18389731,-0.821916001,-2.084882111,1.003003098,-0.273808494
174,0,0,0,0,-0.235836564,-1.618696979,0.775693458,-0.525108539,-0.763075295,0.548015393,-0.673213703,1.624428373,-0.673969822,0.044432018
175,0,1,0,0,-0.072094509,-0.192976558,0.850444895,0.816768786,-0.360013884,-0.269507469,0.059393838,3.268486512,0.576770383,-0.179389033
176,0,0,1,0,1.453814784,2.158555055,0.117580821,1.909679962,0.861799413,-0.300654068,1.168453694,-0.249049497,0.33519214,-0.357692594
177,0,0,0,0,-3.527124533,1.387510054,-0.988704203,-0.775127543,-0.512805351,1.216793172,0.301586586,-0.798998307,0.486582314,1.741948835
178,0,0,0,1,-2.610110308,1.508035538,0.222686018,-1.328413913,0.742069784,0.308863461,0.509798802,-0.114791963,-0.094258049,-0.028770158
179,0,0,0,0,-1.59849621,-0.804385978,-0.148186853,0.099463402,1.335711423,-0.041984723,0.757848006,-0.025076337,-0.537521949,-0.301321004
180,0,0,1,0,2.770530343,-0.093222998,-1.143582347,1.605393208,0.781224402,-0.517783223,-1.764383212,4.037854796,-0.018425895,-0.289232527
181,0,1,0,0,-1.840290941,0,1.260581333,-0.817613868,1.374317546,1.178836023,-0.815180108,0.122011305,-0.972243963,-2.263861609
182,0,0,0,1,-3.09412133,0.066552289,1.511797769,-0.830961427,-1.905479218,-0.449106581,-1.467461253,-0.443497044,0.011309627,0.09114381
183,0,0,1,0,0.682669258,0.021499681,-1.198710395,0.234489615,1.045836469,0.564102329,-0.399765173,3.898005156,-0.505838372,-1.346089369
184,0,0,1,0,1.723726053,0.340374649,-0.653725703,1.490355307,1.110625129,-0.551089203,-0.047816373,5.878366366,0.443939456,-0.198275899
185,0,0,0,0,1.71462479,-0.542616994,-0.327171624,1.835724342,-0.059698732,-0.655882701,-0.521012047,-0.150995071,0.601049633,-0.188603609
186,0,0,1,0,0.152928934,-0.84011567,-0.588293347,1.136284882,1.18470435,0.125472197,-0.114388007,-0.472414337,0.001867059,-1.453032316
187,0,0,0,0,0.342516301,-1.089631301,-0.398984111,-0.458241618,0.895330725,-0.133561436,-0.984491728,-0.434323537,-0.863751495,-0.381148773
188,0,0,1,0,0.510416644,0.409717229,0.017664768,1.510451798,-0.065572054,-0.026602371,-0.224410426,4.328819561,0.503075874,-0.446788425
189,0,0,0,1,0.581388167,0.487911501,-0.363454109,-0.421947372,-0.826436893,-1.085988846,-0.219990207,2.969811914,0.905190745,0.953130145
190,1,0,1,0,0.51698796,-0.379694514,-0.442071127,1.245893226,0.430697869,-0.875912527,-0.416836455,2.655244783,0.075144721,-0.492918422
191,0,0,0,0,-4.669027496,-1.574231857,-0.069214618,0.807058188,0.426020325,-0.56407666,-0.467437335,-1.635555702,-0.126544162,0.218771664
192,0,0,0,1,-3.770983255,-2.471024547,3.09749549,-0.733958011,-1.031943556,-0.454690126,-1.178486673,-0.838197865,-1.46383986,1.47014239
193,0,0,0,1,-4.958244582,-0.173639895,-0.592722003,-1.944649382,-1.10500261,3.285555107,-0.723839232,-1.649635798,0.559310108,0.076690675
194,0,0,0,0,2.928912095,0.257852029,-0.026203141,-0.119993836,-0.391492074,-0.324788355,-0.065336273,-0.392391104,0.305845388,-0.802384998
195,0,0,0,0,-2.401500252,0.391351888,0.056978519,-0.448172354,0.251713991,2.589810501,0.056761134,-0.226476185,0.894623332,0.624822548
196,0,1,0,0,3.110070638,0.092901619,-1.041952132,-1.447609865,-0.034016138,-0.452256122,-0.267308011,-0.177031256,0.43274153,-0.103686284
197,0,0,0,0,-0.499769343,0.159593801,0.658590875,-0.165128313,-0.137113138,-0.686351298,-0.021065001,0.466788471,-0.132163979,-0.071963248
198,0,0,1,1,0.818217647,0.121608726,-1.371431333,0.985820366,-0.391635671,-0.664150387,0.62327378,3.638612828,0.393164486,-0.195883988
199,0,0,0,1,-5.448518926,1.810759817,0.843140444,-2.023613638,-1.329247312,0.084045417,-0.401301583,-2.019206856,1.597568878,-0.022686212
200,0,0,0,1,1.512102936,0.737241262,-0.770090078,-0.563014468,-1.146425601,-0.605794354,0.454565098,-1.744720805,0.78316362,-0.147242846
201,0,1,0,0,1.64983951,0.93699591,-0.469655124,1.995411772,0.681242019,-0.199793306,0.882444028,-1.385380688,0.816387015,-0.155533699
202,0,0,0,1,-3.220823549,1.527497435,-0.357946214,-2.057087251,-0.925752878,1.420288613,0.633220306,-1.843146206,0.52449046,0.570837863
203,0,0,0,0,0.03548592,-0.569396559,0.411847011,-0.031586936,-0.454261421,0.393145767,0.38740487,0.028538394,-0.410481582,-0.177683532
204,0,0,0,1,1.829691335,-0.577753563,0.717351091,-0.452835202,-0.239073984,0.521294465,0.177830236,-1.343069592,0.047725187,0.416284987
205,0,0,1,0,-0.371341639,-0.541006109,0.416278613,0.928522051,-0.218871898,-0.993871003,0.618600249,1.908269044,0.086913082,0.225565605
206,0,1,1,0,0.827729238,-0.959806865,0.228431824,-0.143805912,-0.149325082,-1.139002685,0.939753638,2.486690237,-0.366456582,-0.411304316
207,0,1,1,0,1.929645845,0.877217104,0.610553568,1.729787512,-0.451246466,1.190355162,0.213707823,2.014565035,0.078302059,0.039439391
208,0,0,0,0,0.306570338,-2.145395167,0.527907352,0.317447652,1.133625127,0.411343655,-1.335426257,1.143361424,-1.345787689,-0.924374447
209,0,0,1,0,-3.555553985,-1.720632478,1.121190091,-0.903661209,0.940688948,0.682136806,0.286213168,0.124871938,-1.320731,-1.611961104
210,0,0,1,0,-0.123342241,0.703292276,-0.368962604,0.665549632,-0.054637805,-0.406997859,1.260745744,0.418080727,0.540773887,-0.035077624
211,0,0,1,0,-0.023133539,0.343221127,-0.541715802,-0.3229774,0.698522485,0.337304605,0.009505149,1.968554903,0.841433309,0.5177313
212,0,0,1,0,0.827655526,1.02634232,-0.899554694,1.852708389,0.107769358,0.60478831,-0.054490858,3.131592945,0.032498866,-0.140139704
213,0,0,0,0,-1.467765154,-2.584454243,3.680159436,-0.928953713,0.635080224,-0.205295772,-1.044205297,-0.691803772,-2.411350922,1.104705417
214,0,1,0,0,2.614621792,-1.029772314,0.226736506,0.311158955,0.852768862,0.000217139,-0.219799247,-1.262697362,-0.09240338,-0.227890848
215,0,0,1,0,0.079804799,-1.175862295,0.480913138,-0.239428748,1.119303635,0.398678033,-0.66645421,2.090234048,-1.294506493,-0.265556104
216,0,0,0,1,0.62666471,1.276302197,-0.234767972,-2.169330809,-0.222838473,0.543381837,0.555966617,4.076916174,1.007287173,0.144447055
217,0,1,1,0,2.019475536,1.053071488,2.515155026,0.411089272,-1.052766713,0.758857667,-0.108228548,2.897775519,0.174872544,0.199860956
218,0,0,1,0,2.868553967,-0.409922144,-1.025100261,0.133393563,0.520868148,-0.47469882,-0.328013977,4.159905756,0.66827426,-0.179712466
219,0,0,1,0,2.275824186,0.193491342,-0.509453784,1.813884753,1.557699474,2.49175394,-1.624262755,1.04109458,-0.131756048,0.086255848
220,0,1,0,0,0.790302763,0.793741376,-0.497287595,1.076403921,0.087559952,-0.463587805,-0.007260533,-1.629465594,0.654695311,-0.106321885
221,0,0,0,0,2.282894297,1.520627116,-0.91362974,1.032099276,0.208799095,0.605750632,-0.09592689,2.351701535,0.544128639,-0.398580727
222,0,0,0,1,-3.388972068,-2.236313978,0.765565036,-1.431618613,0.737673838,1.312457004,0.024124133,-1.004621788,-0.883627459,-0.380853807
223,0,0,1,0,-0.710131818,-0.384385044,-0.466799313,1.170116914,0.71648835,-0.519532017,-0.696672292,0.239909299,-0.318852918,-0.101494012
224,0,0,1,0,0.540672409,-0.695331632,0.369816894,0.824507433,0.935173746,0.055736826,-0.5162327,0.211462658,-0.102019674,-0.05343512
225,0,0,1,0,-0.68808608,-0.125612986,-0.671949039,-0.724381857,0.548552641,0.351490926,0.18163439,2.921651776,0.223577701,-0.088745197
226,0,0,0,0,2.599683315,-0.098809813,-0.777752497,1.425300483,-1.048178111,-0.174896608,0.617642977,-0.018998166,0.312306154,-0.130872429
227,0,0,1,0,-1.324110248,-1.192328148,0.446924253,-0.050489126,1.375558058,0.52818357,-0.001448018,1.628564348,-0.74664343,-0.097133953
228,0,0,0,0,0.13150355,0.920072015,-0.734701758,0.484551029,-0.288712503,-0.40332021,-0.564320712,-0.070935177,-0.344366997,0.030768937
229,0,0,0,0,1.726296201,0.577365255,-0.592255086,0.763265897,-1.056691591,-0.710594528,-0.568139139,0.021394861,0.082926616,0.151455533
230,0,1,0,0,1.006169154,0.562370561,-0.131942593,-0.121837751,-0.269980911,-0.673429385,0.099535785,-0.012740803,0.405924809,-0.169423974
231,0,0,0,0,1.618269208,-0.171706951,0.256673988,0.571577886,-0.067671504,-0.5121558,-0.743225768,0.109976476,0.094476905,0.022773172
232,0,0,0,0,-2.51695298,2.338006496,0.044257562,-1.574431986,-1.094255675,0.285181558,-0.452530143,0.087050819,0.526021837,0.043095915
233,0,0,0,0,1.442620996,0.15795748,0.173744553,0.105368147,0.247683227,-0.129702808,-0.571287807,0.379180302,0.233032153,-0.156685159
234,0,0,0,2,-4.549612678,-0.00820946,0.677001275,-1.789657476,0.892306132,1.0884602,-0.066552533,-1.70073484,-0.397526626,0.660139329
235,0,0,0,1,-4.808901287,0.765928899,-0.278537367,-2.070632354,0.770701198,0.795848701,-0.6212466,-2.035363849,0.356906942,0.831519377
236,0,0,0,0,3.521020313,-0.255112803,-0.512522824,2.461771018,0.517118395,-0.222989462,-0.485509532,3.940737688,0.438550174,0.003433306
237,0,0,0,1,-2.909326866,0.293368896,-0.333937855,0.037303921,-0.567274694,0.945954775,0.141600054,-2.239949089,0.60197953,-0.087368582
238,0,1,1,0,-0.169632034,-0.900963299,1.114418115,-1.171797344,0.275639493,0.022561772,-0.920180906,4.662146467,0.399034798,0.254009711
239,0,0,0,0,2.489734489,-0.729066764,-0.327234903,0.926926178,0.683204348,-0.026775249,-0.513217839,3.113112279,0.606783895,-0.189346038
240,0,0,1,0,-0.370459202,-1.030593167,0.762883872,-0.534597489,-0.119429882,1.2896847,-1.098904553,0.601786954,-1.345857661,0.564011371
241,0,0,0,0,2.285362396,1.510013332,0.976300853,-0.098662469,0.593579457,0.199808393,-0.332744144,-0.450835591,0.830519488,-1.704790834
242,1,0,0,0,0.526658625,-0.945052789,1.277017101,-0.322222285,1.265273738,0.768425229,-0.88572173,0.075630577,-0.864274836,0.221474959
243,0,0,0,0,-1.737084278,0.159441231,0.770551128,-1.207411327,0.316155498,1.05109943,0.251284138,-0.104455991,-0.082106614,0.61063698
244,1,0,0,0,0.092208783,-0.139627968,0.450058184,1.131030659,1.206491189,0.818654913,-0.509284544,0.297168899,-0.556275777,-0.126131344
245,0,0,0,0,2.234487411,0.635394387,-0.247408738,-0.534622076,-0.859040514,2.33517439,-0.871665615,-0.00958265,0.649484461,0.236741689
246,0,0,0,0,0.390102439,-1.58707886,2.254857619,0.338843641,0.056506947,0.120047324,0.561065932,0.835557707,-1.366193904,0.238194383
247,0,0,0,1,-2.249250203,0.86879322,-0.371232591,-0.819310114,-0.345532172,3.94969563,-0.638328678,-0.21955586,0.776804609,0.163663047
248,0,1,0,0,1.358902672,-1.636391366,0.277220708,-0.264481348,-0.393011801,1.063701436,-0.299379677,0.05012722,0.955102625,0.22738651
249,0,0,1,0,1.352416187,0.126665658,0.04937087,0.097334129,-1.05093068,-0.72760903,0.059769657,3.465706651,0.790459038,-0.093184254
250,0,0,0,0,1.384144868,1.242398,-1.551101547,1.603019526,-0.81965497,-0.849455056,1.049770618,2.948935673,0.216618294,-0.053182691
251,1,0,2,0,0.751629969,1.458334198,-0.043368959,1.245169456,-1.373691026,-0.800302633,-0.292628892,2.706756139,-0.120967821,0.016019176
252,0,0,0,1,-0.861800479,0.599828836,0.461357694,1.171913977,1.020092284,-0.418086526,0.756700971,-1.986511283,0.496777954,-0.006668982
253,0,0,0,1,-4.204693774,-1.722975286,2.688585332,-1.381084265,0.663083483,0.58817933,-0.57321681,-1.330908476,-1.407942111,0.4237618
254,0,0,1,0,2.124603989,0.530795993,-0.163188947,0.50120893,0.585708441,-0.188875822,-0.376528693,3.245203972,0.119196708,-0.373035576
255,0,0,0,0,-3.665961316,2.498482897,-0.368629442,-2.092901292,-0.770587384,0.357814095,1.234701597,-1.5432178,1.035486233,0.526047948
256,0,0,0,1,2.092507454,0.577472358,1.266314346,-0.174934745,-0.1883593,-0.276631396,-1.592757601,-1.554457589,-1.250398838,0.059952578
257,0,0,2,0,2.005845741,-1.053628327,1.370933864,0.377562037,0.831481554,-0.187316728,-0.069795879,0.799628989,0.05757763,-0.194634718
258,0,0,2,0,2.540933909,0.366322271,-1.376260654,-1.45209659,0.863255771,0.189282258,-1.099996193,-0.036425569,0.148849786,-0.139344401
259,0,0,0,1,-2.344865914,0.208490999,0.478001826,-1.020163458,-0.288918091,0.76361599,-1.114505457,-0.051091454,0.008550403,0.051584156
260,1,0,1,1,-2.637478135,1.19318018,0.888369206,-0.655613951,0.851425764,1.220810975,-0.461598885,-0.209623378,0.220320656,-0.041355258
261,0,0,0,1,-2.328642109,-0.428399545,1.019585934,-1.331921712,0.270360361,-0.027340627,-0.768727516,-0.085893354,-0.382691652,0.146421915
262,0,0,2,1,-1.752531993,-0.17817856,-0.588459722,-1.129248209,-0.051320119,-0.503388736,0.356645876,-0.139287673,0.166259778,0.204957178
263,0,0,1,1,-0.583557545,-0.208759814,0.31102408,-0.607328396,0.493660893,-0.156580903,1.017559018,0.048939875,-0.665332799,0.066559272
264,0,0,0,0,0.879100986,-0.365066476,-0.315285216,-0.42030082,-1.027213646,-0.436712837,-1.582412949,0.071077773,0.061457011,0.040405349
265,0,0,0,1,0.440997788,-0.765455531,-0.333870774,0.322064252,0.233175596,-0.217007528,-0.696826177,0.122060241,-0.566777063,0.012493785
266,0,1,0,0,0.945720883,-0.261705063,1.559415156,0.657063009,0.066076988,-0.284269534,-0.908439814,0.152709889,-0.020745943,0.181090346
267,0,1,0,0,1.835115648,-0.639540934,-0.281711272,0.660076599,0.072629104,-0.485735213,-0.535368033,0.013368624,0.025935801,0.289989565
268,1,1,0,0,0.90316946,-0.001788646,-0.666267778,0.852589859,-0.907497063,-0.173294062,-1.327179646,-0.009200327,0.002877985,-0.118077298
269,0,0,0,1,-2.242262444,1.340219399,-0.104693358,-1.674004461,-0.404928965,0.176809753,-0.541780779,-0.033515697,0.57832229,1.349155919
270,1,0,0,0,1.256123676,0.826783657,-0.122024967,1.267969985,1.124081957,0.206725971,-0.72995377,0.230882061,-0.162073257,-0.385066579
271,1,0,0,0,2.098097485,0.353552557,-0.457151704,-0.080456549,0.453576952,0.632319979,-0.521664288,0.083543122,-0.497511813,-1.003086943
272,1,0,0,0,0.643959854,0.836349922,-0.027744927,0.173719055,1.469905823,-0.622962506,-0.681577147,-0.023788501,-1.12876504,0.026063306
273,0,0,0,0,-1.137538449,-0.93419429,0.564815207,-0.540929115,1.427561125,1.023987093,0.669885437,0.117742139,-1.279575861,-0.210021439
274,0,0,1,0,-0.407757367,0.526538215,-0.173890711,0.612217913,0.299577709,1.444526859,-0.166111291,-0.11809274,-1.531951608,-1.305466673
275,0,0,1,0,0.371472139,0.247125904,0.206230913,-0.005145356,0.169505159,0.047624165,0.435540246,-0.203906552,0.426556434,-1.405886519
276,0,0,0,1,-2.73416252,-0.108853122,-0.570671711,-0.946990862,0.363629628,0.315383814,0.511624533,-0.421321583,0.557963349,1.327101173
277,1,0,0,0,1.671771769,0.534032651,0.166460052,0.576876884,-0.829318369,-0.712677821,-0.497519223,-0.060499669,0.316374809,0.217850234
278,1,0,1,0,2.42369833,0.336860325,-0.011278062,-0.158332029,-0.547315604,-0.63165681,-0.165726377,-0.388461435,0.421436917,-0.12670697
279,1,0,1,1,1.184959277,0.065975659,-0.833867065,-0.289236907,-0.755057896,-0.014345263,-0.130144019,0.075401864,-0.231449234,-0.231873005
280,0,0,0,0.430202783,-2.280883959,0.097733253,0.086400621,-1.078534891,-1.116573663,1.050812662,-0.064986845,-0.175945594,0.043491411,0.205741059
281,0,0,0,1,-2.108265651,0.220625872,0.417889183,-1.680428649,0.712436419,-0.025825589,1.635050504,-0.345447998,0.428185158,-0.164424772
282,0,0,0,1,-3.835884278,-1.12869189,2.297786487,-1.198394223,-0.189909332,0.243707525,-0.870186039,-1.036208418,-0.936623449,0.313302843
283,0,0,0,1,-4.985968569,0.750640281,-0.742034827,-1.226660219,-0.152475202,1.701305533,2.176542559,-1.843354578,0.414576078,-0.13471028
284,0,0,0,1,-1.724061434,-1.588097514,1.538463614,-0.485626219,-0.031928361,0.696425053,-0.648059811,0.147079926,-1.548678321,0.402589776
285,0,0,0,0.583170485,-3.458685524,0.982560271,-0.095797261,-1.223731899,-0.293101873,1.14325505,0.861758965,-0.951556002,0.615874009,0.191619065
286,0,0,0,1.957063664,-4.566619326,0.010785943,0.618401736,-1.799132517,0.872181501,1.153703514,-0.01623595,-1.718697988,-0.351340999,0.640394144
287,0,0,0,0.723184388,-2.718472287,0.092265398,1.306609126,-0.935168637,-1.290496044,-0.033826135,-0.991685695,-0.349645187,-0.014549447,0.23494763
288,0,0,0,1,-2.647604852,0.741772907,-0.091090514,-0.98359925,-0.315547531,2.114860452,0.37500524,-0.540914193,0.64540178,0.448659653
289,0,0,0,1,-3.996375825,-0.058666685,0.055053055,-1.709204386,0.17582857,0.166266614,0.248374487,-1.563049701,0.025757789,0.190244457
290,0,0,0,0.520829078,-3.670107365,1.019495968,0.808357755,-1.632513224,-0.540818131,0.54742958,-0.088601482,-1.101713919,0.792717225,0.280783846
291,0,0,0,1,-5.011702821,0.638221184,-0.715432585,-1.142556438,-0.248022915,1.551170212,2.359021395,-1.810758446,0.444687032,-0.203722809
292,0,0,0,0.041201922,-1.288805654,-0.864145947,0.53006746,-0.603955828,1.400497234,1.014587353,0.616688316,0.029030034,-1.212149624,-0.167107956
293,0,0,0,0.19797646,-4.652769966,0.867334919,-0.28788494,-1.616168108,-0.283932952,0.10569256,1.135352163,-1.512448006,0.555351176,0.059190201
294,0,0,0,0.979165064,-2.54713867,0.687679932,-0.135296135,-1.777508271,-0.147259429,-0.40924227,0.746773354,-0.142614667,0.497430423,0.238646667
295,0,0,0,1,-2.424182844,0.161000089,-0.196266392,-1.830494229,-0.243500496,1.119888094,1.351127966,-0.110955261,0.236498666,-0.413388299
296,0,0,0,0.920738366,-2.986560356,0.073914818,1.453045349,-0.860799461,-1.729388821,-0.330197802,-1.331230685,-0.416624096,0.003905303,0.132319687
297,0,0,0,1.510628736,-4.743447684,0.208292576,0.009107059,-1.897650222,0.662933602,1.832077524,0.506935853,-1.905471646,0.128878769,0.43509157
298,0,0,0,0,-4.379105331,1.819633405,-0.295113518,-1.940766207,-0.611002159,0.209422603,1.261371249,-1.659716078,0.800712864,0.145239777
299,0,0,0,1,-5.01460469,0.224275906,0.990377674,-2.072375768,-0.66704131,1.693546385,0.002826421,-1.839975919,-0.43198461,0.270351354
300,0,0,0,1,-2.54765411,0.409013426,0.081708825,-1.54715616,0.029561111,0.638435253,0.960720712,-0.546502599,0.027908369,0.835477223
301,0,0,0,0.001991566,-2.518354784,2.336392314,0.043456547,-1.575393226,-1.093920091,0.287442198,-0.4503678,0.083206705,0.526018787,0.044146948
302,0,0,0,1,-3.519879005,0.127072821,1.048527406,-0.851325542,-1.602611184,-0.102851767,-0.545364505,-0.718897141,0.120966034,-0.010298383
303,0,0,0,1,-3.99042248,0.858046566,-1.272259947,-1.897521646,-1.434902494,-0.281914692,0.487627581,-1.171430851,0.927782269,0.101987661
304,0,0,0,0.37361324,-3.111099984,-0.408952656,0.551688435,-1.223350435,-0.253970479,1.52118791,-0.058355696,-0.626422076,-1.225331468,0.030309848
305,0,0,0,0.771974337,-3.279647425,0.16868976,-0.490271775,-1.137246606,0.179519213,0.255765879,0.688958363,-0.731542933,0.557220674,0.966617689
306,0,0,0,0.128794174,-1.769178913,0.127585438,-0.793574399,-1.332929482,-0.338753875,1.906029786,1.09129253,-0.004222993,0.109749544,0.233228719
307,0,0,0,0.021311695,-1.218964174,-0.917985587,0.540146127,-0.570844773,1.373587899,1.072184941,0.640182802,0.080076319,-1.240386084,-0.203911118
308,0,0,0,0.951853319,-5.257983645,1.043506176,-1.532072888,-1.962200922,-1.741951971,-0.223445367,0.310523312,-1.717421288,1.202039852,-0.158992065
309,0,0,0,0.991911439,-4.959604482,-0.16327082,-0.589691689,-1.943328541,-1.099654281,3.25941592,-0.707555696,-1.650704722,0.55927287,0.074017572
310,0,0,0,1,-4.363621185,2.199506056,-0.389581432,-2.14267765,-1.28731194,1.928823471,-0.3358461,-2.004133286,0.843161996,0.008334951
311,0,0,0,1,-4.307173076,0.386908957,-0.658960353,-1.331815941,-0.832048416,3.847804794,-0.489452729,-1.231062517,0.467401777,0.009498417
312,0,0,0,0.919741814,-2.362952867,0.999589157,-0.371023667,-0.921526232,-0.379646332,3.661417733,-0.488002666,-0.325790566,0.797565927,0.192747402
313,0,0,0,1,-2.349683662,0.714862114,-0.108225549,-0.846794953,-0.08792179,1.636636399,0.548249268,-0.369354035,0.641549987,0.655059436
314,0,0,0,1,-4.099348203,1.004917309,-0.424116085,-1.50422843,0.525581654,2.452195524,0.677689287,-1.582686227,0.071566218,0.277496309
315,0,0,1.700921233,0.149539384,-3.483145374,1.155249406,-0.064609314,-1.582384407,-1.729780678,0.214088501,-0.112518041,-1.356571717,0.580607666,0.381170842
316,0,0,0,0.0016482,-4.601680104,0.809028421,0.550521082,-1.923283255,0.822926198,0.592738486,0.032719948,-1.921506228,-0.290558143,0.940219627
317,0,0,0,1.808793118,-4.625347789,0.076382101,0.416042,-1.831852345,0.802685818,1.379005968,0.157520546,-1.780729497,-0.191849788,0.572208788
318,0,0,0,1,-4.891467396,0.851232835,-0.778931393,-1.94903895,0.46891619,2.678657229,1.008180818,-2.10558196,0.501034531,0.262672647
319,0,0,0,1,-2.669040275,0.440017224,1.07278785,-1.019200708,-0.148555827,2.014082934,-0.10799946,-0.294222843,-0.289707087,0.07792102
320,0,0,0,0.521753732,-2.359887159,0.936522498,-0.837935386,-1.231060358,-0.610017559,0.449789135,0.582326707,-0.377325931,0.393995736,1.257618934
321,0,0,0,0.903886139,-2.54153895,0.913407709,-0.028547593,-0.917067742,-0.210235445,1.742330727,0.62662268,-0.494968198,0.649513261,0.436571919
322,0,0,0,1,-2.640967849,0.337663894,-0.125811195,-1.553111441,0.1697479,0.043418183,0.608751665,-0.37094345,0.12773518,0.532430616
323,0,0,0,1,-4.970061844,0.156637776,-0.353259588,-0.855622072,-0.601371308,0.90282204,2.481194172,-1.619520668,0.419309045,-0.332033288
324,0,0,0,0.140048067,-1.651705719,-0.696095323,0.446705309,-0.755161097,1.335569162,0.992036752,0.489064891,-0.183796193,-1.050389607,-0.064155661
325,0,0,0.691721129,1.308278871,-3.234932196,1.320057176,0.926818307,-0.878569339,0.663495195,1.204735504,0.870460956,-0.58376689,-0.181721189,0.048628614
326,0,0,0,0.146490917,-3.855269077,2.107041179,-0.401456967,-2.071183734,-0.819576177,0.78670156,0.947793155,-1.55880707,0.965730756,0.460221189
327,0,0,0,0.724926814,-3.525920569,-1.205172978,2.160985553,-1.333311497,0.567652897,0.715516237,-0.346418708,-0.993544284,-1.043240317,0.475166151
328,0,0,0,1,-3.481222845,-1.460288126,2.253348332,-1.083025179,0.599724955,0.807338692,-0.35470811,-0.912431587,-1.080892183,0.286956867
329,0,0,0,1,-2.557238107,-0.321372049,1.402681751,-0.648700414,-0.913440096,0.291104801,-0.788294313,-0.23596792,-0.131628694,0.041174661
330,0,0,0,0.218083958,-3.947787566,1.915735782,-0.417500435,-2.060569929,-0.84351798,0.996307443,0.807575261,-1.566425858,0.931639859,0.428050335
331,0,0,0,1,-3.887227141,-1.275818457,2.354550482,-1.306271845,0.495292768,0.882957297,-0.477042129,-1.11659379,-1.176768667,0.352265914
332,0,0,0,1,-5.051450197,0.46458629,-0.674344571,-1.012655456,-0.395599417,1.319281401,2.6408658,-1.760412677,0.491194364,-0.31031487
333,0,0,0,1,-4.18265481,-1.714973094,2.675326786,-1.372004545,0.661153404,0.594855542,-0.566560419,-1.31816049,-1.397979248,0.419594336
334,0,0,0.825475771,0.587262114,-4.660641561,1.194338559,-1.021219213,-1.858875027,-1.918596562,-0.068119465,0.183806743,-1.687983752,1.036713475,0.024522802
335,0,0,0,1,-4.304801478,0.127802405,-0.279706997,-2.023657969,-0.511821729,-0.669320692,0.636694511,-1.969348101,0.785156361,-0.210498032
336,0,0,0,0.099347998,-2.116674343,2.178973676,-0.036646245,-1.473949681,-1.099438653,0.196664885,-0.362412047,-0.094932024,0.551568358,0.02418614
337,0,0,0,0,-1.730960634,0.156112094,0.617000619,-1.212474382,0.24313738,1.149855878,0.316060486,-0.093071504,-0.069031557,0.582865948
338,0,0,0,1,-4.825504222,-0.100368364,0.039947633,-0.761575751,-0.744867929,0.552634204,2.015164369,-1.475899746,0.281428083,-0.265733145
339,0,0,0,1,-2.454468014,-0.065211022,0.048951767,-1.76500581,-0.169543654,0.982893022,1.19338013,-0.269262337,0.037346358,-0.360484216
340,0,0,0,0.903428382,-2.542847993,0.91350641,-0.028643579,-0.917505444,-0.210353721,1.741475666,0.62695829,-0.495619886,0.649465248,0.436222298
341,0,0,0,0.991665221,-2.421188059,0.139955183,-0.194685116,-1.836802135,-0.241709246,1.108239227,1.351946492,-0.104867613,0.21290031,-0.425932695
342,0,0,0,0,-2.491007221,1.900533671,0.04711635,-1.321327002,-0.791775127,0.803102164,-0.338076817,0.016591713,0.608857866,0.17382768
343,0,0,0,0.03780433,-1.764457212,0.159850603,0.761596556,-1.229410982,0.33798634,1.012524124,0.307946461,-0.108410362,-0.064123433,0.581272976
344,0,0,0,0,-4.849751154,1.371620562,-0.246596021,-1.840363287,-0.50568245,0.1114903,1.278972127,-1.736600168,0.645772063,-0.106078009
345,0,0,0,1,0.672475057,0.877433829,-0.696975171,-0.828065101,-1.107277947,-0.246364359,0.486258786,-1.762181611,0.737274634,-0.019854309
346,0,0,0,0.555129691,-3.538873432,0.988606414,-0.10167703,-1.250544142,-0.300347046,1.090876699,0.882317387,-0.991476362,0.612932863,0.170202361
347,0,0,0,0.207209021,-4.250415095,0.579986814,0.419883179,-1.763127449,0.816901855,0.657959666,0.092298375,-1.702808171,-0.350804891,0.97261733
348,0,0,0,1,-2.291931258,0.323253134,0.541773829,-1.477304874,-0.016633642,0.059422087,-0.672276484,-0.063633157,0.025733637,0.657576813
349,0,0,0,1.140340614,-4.890115062,0.372111212,-0.496262409,-1.979364115,0.489376368,2.394743711,0.940872116,-2.060387991,0.527189172,0.264806721
350,0,0,0.881862688,1,-2.920343433,1.737438478,0.834254586,-0.654197909,0.545227253,1.416211387,1.266472641,-0.32615747,0.004677386,-0.17379251
351,0,0,0,1,-4.244793173,-0.341229336,1.231228757,-1.792468338,-0.340762905,1.190213362,0.013539301,-1.68748327,-0.702759732,0.215162894
352,0,0,0,1,-4.687780752,1.46684038,0.342858231,-1.875503504,-1.375371372,1.620235941,-0.898087482,-1.818562436,0.476030196,0.098738471
353,0,0,0,1,-1.854533864,-0.842295855,1.230527167,-0.403520751,0.443137948,1.309734932,0.178580835,0.029744746,-0.318911974,-0.031755247
354,0,0,0,1,-4.797791375,0.05085338,-0.135106469,-1.47495858,-0.11682709,1.587832948,1.115200372,-1.775646737,0.431247213,0.072599413
355,0,0,0,0.369781895,-3.728490329,0.898525471,0.432763592,-1.918232125,0.276170465,0.519408887,0.587381846,-1.310404614,0.03016878,0.814402857
356,0,0,0,1,-2.758752158,0.058263577,-0.593442656,-0.858612998,0.298748665,0.791905405,0.458522039,-0.416618217,0.529618648,1.1790203
357,0,0,0,1,-2.667274309,1.137159607,0.656400573,-1.064705561,-0.497722008,2.101251824,-0.035349952,-0.273135963,0.225602089,-0.017963556
358,0,0,0,1,-1.347011672,1.178195051,-0.107446561,-1.162963798,-1.221520648,-0.322438785,0.103013041,-1.857467495,1.117685164,-0.096080508
359,0,0,0,0.284812963,-3.930031247,0.877868659,0.459943196,-1.919397976,0.402367147,0.536334091,0.459360343,-1.451452967,-0.043858196,0.843442624
360,0,0,0,1,-2.384988638,0.741971059,0.159136533,-1.734909137,-0.327574636,0.51174247,1.259216948,-0.400280609,0.313515548,0.712979424
361,0,0,0,0.884350387,-2.93718052,0.077294859,1.426072882,-0.874497712,-1.648548023,-0.275608336,-1.268689014,-0.404287077,0.000506075,0.151222994
362,0,0,1.436439959,0.281780021,-3.010954629,1.177128381,-0.380495925,-1.632778311,-1.691954024,0.11288932,0.23865656,-1.132199151,0.625762832,0.532687861
363,0,0,0,1,-4.142692051,0.881791844,-0.962978351,-1.917357649,-1.111683584,-0.353121539,0.501861386,-1.061700817,0.931825554,-0.052491207
364,0,0,0,1,-2.756568694,0.043424261,-0.591420684,-0.86646061,0.304509843,0.749592133,0.463237335,-0.417035858,0.532135548,1.192169308
365,0,0,0,1.961492013,-4.476171009,-0.066361047,0.717648703,-1.76732994,0.870975735,1.052034216,-0.062609675,-1.688001611,-0.430984322,0.638580591
366,0,0,0,1,-4.891975386,0.243281858,-0.45330655,-2.00055273,-0.2726828,2.18077942,-0.678315051,-1.820797736,0.469496266,0.411636352
367,0,0,0,0.789437235,-2.793597734,0.078074897,0.985056755,-0.922449682,-1.613947196,0.105173315,-0.949191104,-0.344626128,0.023202078,0.133492057
368,0,0,0,0,-3.588917048,2.393884848,-0.340186194,-2.045610722,-0.703606997,0.378113235,1.217490929,-1.492606233,0.96494334,0.503618976
369,0,0,0,0,-1.730375906,0.155794205,0.602338543,-1.212957838,0.236165099,1.159285835,0.322245785,-0.091984434,-0.067783059,0.580214175
370,0,0,0,1,-3.209087739,0.761146435,-1.106608916,-1.825607942,-1.222015114,-0.273622918,0.589482314,-0.829836275,0.748783768,0.30790471
371,0,0,0.586679775,1,-3.598285038,1.301209572,0.324782617,-1.10813275,0.504514541,1.815133533,1.212535791,-0.926303683,0.230106708,-0.048584464
372,0,0,0,0.076499945,-1.798331343,-0.804852892,0.329668955,-0.652622224,0.063433017,1.326350428,-0.042267882,0.102114156,-1.58836383,-0.079531326
373,0,0,0,0,-4.598275159,-0.953310951,-0.157932541,0.484919804,0.189286516,-0.535576285,-0.222361319,-1.621230222,0.002017937,0.079036385
374,0,0,0.107600918,1,-3.332259006,-1.960435608,0.827517265,-1.321712145,0.740624477,1.239685989,0.095376446,-0.923020447,-0.75293289,-0.39081825
375,0,0,1.382799931,1,-1.691821702,0.339257281,-0.664674113,-0.579541833,0.148018651,-0.372689545,0.441483971,0.690779118,0.405712092,0.018093185
376,0,0,0.623227467,1,-2.613041517,-0.242476912,0.151326208,-0.22258516,0.621036323,0.412061028,-0.057982228,-0.486950331,-0.437388343,0.493847421
377,0,0,0.958481084,1,-2.163306622,0.985531962,-0.201631886,0.432076832,0.558475857,-0.113958346,-0.081985131,-0.171533835,-0.164568554,0.978994799
378,0,0,1.151277472,1,-2.116455011,0.537385386,-0.244240891,-1.213766419,0.285363823,-0.158700367,0.421638045,-0.128892643,0.055706104,0.10577235
379,0,0,0.456279015,1,-2.724998257,0.969422791,0.733097209,-0.909448408,0.752576118,0.458198456,0.590339301,-0.174774182,0.09977632,-0.231672511
380,0,0,0.610371421,1,-2.694030456,-0.173554269,0.612196771,-0.212018113,0.612060349,0.431244535,0.556136225,-0.096582276,0.115816574,-0.1079321
381,0,0,1.977105122,0.988552561,-1.782530082,-0.164424009,-0.58676438,-1.122509607,-0.057192931,-0.50271858,0.358948878,-0.155730066,0.169064738,0.198423422
382,0,0,0,1,-4.401306438,-1.002548517,-0.232207493,0.287720495,-0.155944111,0.228976005,0.443903814,-1.557092508,0.087884614,1.01359818
383,0,0,1.186397326,0.593198663,-1.000331229,0.309692745,-0.301522233,0.447280514,1.209850056,0.676850199,-0.031585699,-0.027963223,-0.489225226,0.186615994
384,0,0,0,0.098906469,-0.198142366,2.050919141,0.05022513,0.153786204,0.700735614,-0.316638659,0.132265175,-0.330846279,0.308672828,-0.166379004
385,0,0,0.68386896,1,-2.537541656,-0.048471894,0.091559331,-0.104943372,0.609687219,0.32445039,-0.065971369,-0.436579685,-0.393968232,0.5789579
386,0,0,0,0.262833641,-3.632574463,1.14825442,-0.544198464,-0.227127766,-0.259728059,-0.348917446,0.577205752,-0.491142605,0.550827996,-0.374940351
387,0,0,0,0.346019642,-0.643131986,1.229323727,-0.134194574,0.122526976,0.655544393,-0.209655799,0.184791995,-0.058330558,0.137082339,-0.039943832
388,0,0,0.296381604,1,-2.684737177,1.158173054,0.554229837,-1.056269756,0.748894302,0.405865829,0.562114866,-0.153754145,0.031779344,-0.160567858
389,0,0,0.841113806,0.841113806,-2.09972848,0.65990102,0.009265775,0.286500032,0.4752763,-0.140372678,-0.130694938,-0.124587458,-0.265725499,0.898215333
390,0,0,0,0.993270312,-1.574763028,1.495343595,-0.832769238,0.644016446,0.586825768,-0.082322013,0.631062467,2.522726738,0.938617914,-0.400330515
391,0,0,0,1,-2.004974112,0.764185686,-0.087763604,-0.299853646,0.09167196,0.400282629,-0.362380932,1.069552618,0.410719928,-0.14318077
392,0,0,0,0.419706005,-3.63312694,1.226781832,-0.162076649,-0.871245774,-0.016034425,-0.128510022,0.537668955,-0.962505032,0.199107998,-0.224348981
393,0,0,0,1,-2.78644897,-0.028288997,-0.384313716,0.053008333,-0.325875482,0.731246722,0.195708319,-1.629042472,0.39047179,0.054463327
394,0,0,0.36687615,1,-2.723081381,0.035048486,-0.375386499,0.151758529,-0.19040311,1.029403366,0.093754343,-1.817306818,0.299171427,0.024978823
395,0,0,0,0.203980838,-0.352371395,1.959907466,-0.008229562,0.115292006,0.52539768,-0.108667529,0.105471752,-0.585977991,0.382841144,-0.262152506
396,0,0,0.381693558,1,-3.763003222,-0.257329104,-0.19379824,0.393382975,0.053834607,0.104546314,0.243784184,-1.221284872,0.025402972,1.079268153
397,0,0,0,0.318488199,-2.35078702,-1.355662257,1.077326474,-1.061042034,0.287371912,0.293117656,-0.164637726,-0.226627409,-0.816485455,0.041917187
398,0,0,0.930446764,0.465223382,-3.153917589,0.464376718,-0.509260416,-0.814448804,-0.32567342,-0.472081827,0.46423254,-0.907407688,0.297295796,-0.100272654
399,0,0,0.669851067,1,-3.801758605,-1.045515785,-0.305649945,0.435900988,0.329987596,0.635947838,0.26647622,-1.220772689,-0.255114945,0.916904235
400,0,0,1.262523658,1,-2.570667232,0.194813433,0.834710367,-0.598961082,0.550767382,0.336995763,0.599768833,-0.218170949,0.287748635,-0.295358971
401,0,0,0.100047527,1,-1.565644997,1.414665568,-0.823073632,0.56293564,0.562312652,-0.101052016,0.61780649,2.415941224,0.903375729,-0.370273971
402,0,0,0.153398553,0.153398553,-0.072484719,2.168510949,0.029943288,0.192503436,0.766299068,-0.341081223,0.064946067,-0.163963095,0.250861634,-0.102983961
403,0,0,0,1,-4.709580402,-1.009421821,-0.185611276,0.317337585,-0.238598808,0.247552794,0.458251276,-1.82229465,0.136256386,1.09948348
404,0,0,0.666241784,0.666241784,-2.051055281,0.326418455,0.261611864,0.042343945,0.392458845,-0.149286299,-0.156091842,-0.070212514,-0.373707928,0.76126265
405,0,0,0,1,-2.869291314,-1.543154387,0.062702,-0.601554775,0.539468046,0.660248377,0.202110954,-0.384804494,-0.524294067,0.077857009
406,0,0,1.423383573,1,-2.186743061,-0.708846778,-0.49474776,0.481357884,0.894888549,1.269713497,-0.044028799,-0.600207542,-0.572836764,0.348509986
407,0,0,0,0.564264326,-2.555332933,0.469837374,-0.067440304,0.240874699,0.208304238,-0.023623234,0.301887806,-1.124586212,0.223917139,0.494969761
408,0,0,0,1,-3.283029583,-2.095005975,0.622278882,-1.262401214,0.697267466,1.179497294,0.060408652,-0.878265398,-0.810373501,-0.287340697
409,0,0,0.653667605,1,-2.243383315,0.297414547,-0.327376485,0.366372808,0.488806591,-0.048281035,0.051632695,-0.065979924,-0.186197522,0.82940718
410,0,0,0,1,-2.059633086,0.674822832,0.003218755,-0.41568873,0.030468184,0.458711307,-0.483332231,0.889338635,0.346045894,-0.111860064
411,0,0,0.387465601,0.1937328,-4.104006655,-1.303770542,-0.169809426,0.431932128,0.333543824,-0.552319419,-0.307785387,-1.345679507,-0.069818435,0.216095345
412,0,0,0,1,-3.952737547,-0.440827444,-0.245921199,0.197837427,-0.390200331,0.554516472,0.321275707,-2.030412215,0.344428931,0.5891825
413,0,0,0,0.732971687,-2.308085311,1.371654795,-0.729934073,0.33357524,0.285147599,-0.177326039,0.611870072,1.448703379,0.800424985,-0.391282469
414,0,0,0,0.782127947,-2.234088331,0.829069991,-0.668491447,0.685816091,0.557890965,-0.185361818,0.392118148,1.638470943,0.709343253,-0.265628412
415,0,0,0,0.931120524,-3.284044109,-2.147307699,0.797074343,-1.394164939,0.692162431,1.209433754,0.005046227,-0.925990948,-0.876841507,-0.338124914
416,0,0,0,1,-2.592853987,1.423489516,0.239296404,-1.308359695,0.674995574,0.33844884,0.404124499,-0.110647723,-0.087569517,-0.023542451
417,0,0,1.332472154,1,-1.950231686,-0.049122211,-0.232513332,-1.092839655,-0.13062175,-0.080508268,-0.134371364,-0.109850957,0.113622078,0.153766796
418,0,0,0,0.185370806,-4.23819579,-1.243767084,0.032223335,0.468344639,0.293491615,-0.317961203,-0.587384874,-1.341842287,-0.101501574,0.187779981
419,0,0,0.95416717,1,-2.201015027,0.816269503,-0.174840442,0.419423084,0.559100694,-0.066057785,-0.101581485,-0.212061871,-0.200431136,0.958322079
420,0,0,0.936524324,0.936524324,-1.988639727,1.053291726,-0.20127131,0.48465648,0.566701293,-0.147929647,-0.094681207,-0.173239827,-0.136238139,0.938251962
421,0,0,1,1,-2.27941768,0.843026254,0.074585951,0.335025713,0.591009366,0.01271531,0.042182507,-0.187625953,-0.073534838,0.740357934
422,0,0,0.862072294,0.431036147,-3.24350546,0.505454035,-0.504197358,-0.794324286,-0.343212296,-0.470080436,0.471110348,-0.956512115,0.305672676,-0.119785407
423,0,0,0,0.758718994,-2.294621147,-0.955118818,-0.107041327,-0.139543385,0.301051259,0.039432709,0.206216883,0.137656683,-0.357314699,0.410348348
424,0,0,0.218080046,1,-2.665021378,1.250603816,0.466638714,-1.128167981,0.747091321,0.380238609,0.548293397,-0.14346066,-0.001518688,-0.125748
425,0,0,1.878224663,0.939112332,-1.760259934,-0.901630124,-0.521220943,0.6292203,1.445700385,1.292502063,-0.106109812,0.050283154,-0.965010317,0.474425377
426,0,0,0,1,-2.149144923,1.503884502,-0.239944105,-0.462515854,0.677603878,0.138902681,0.563034826,1.050528377,0.358899599,-0.191326599
427,0,0,0,1,-2.597155826,1.507918882,0.209684752,-1.304079634,0.740258103,0.304087064,0.511294891,-0.082043038,-0.081522988,-0.033338472
428,0,0,0,0.324333913,-2.04900534,-0.948816455,0.654451543,-0.567973971,0.172738736,-0.088056352,-0.056610678,0.137251865,-0.602236913,0.312527257
429,0,0,0.077480806,0.077480806,-1.887181839,-0.796354178,1.11121335,-0.779683356,0.113628158,-0.179296774,-0.24159841,0.112857621,-0.737264314,0.300168903
430,0,0,0,0.95392715,-2.761332657,0.389826601,-0.315086161,0.041817799,-0.504031832,0.884914215,0.139508981,-2.144218778,0.589296004,-0.097484913
431,0,0,0,0.946859778,-2.401002219,-0.957848496,-0.436858975,0.04601839,0.356625954,0.094650747,0.320052707,0.137832018,-0.251234036,0.4527166
432,0,0,1.543815415,1,-2.008036577,-0.167011538,-0.404844241,0.591490773,1.059910417,0.70147285,-0.113932209,-0.044537675,-0.646793754,0.752066121
433,0,0,0.867858415,1,-2.931551174,-0.011208753,1.265242591,-0.545164715,0.761472307,0.72552021,0.598811787,-0.346463734,0.170493484,-0.461222318
434,0,0,0.649510597,1,-3.046635446,-0.571031485,1.139526804,-0.768191041,0.755484759,0.873189882,0.454223923,-0.512052235,-0.094716835,-0.441002097
435,0,0,1.514647782,0.757323891,-2.460295773,-0.516967342,-0.462451341,-0.659352907,0.064519003,-0.518116245,0.156660569,-0.502396176,0.095203257,0.208309624
436,0,0,0,1,-1.859693941,1.001706623,-0.329589085,0.008028839,0.25434781,0.244982817,-0.040899863,1.548550233,0.582619506,-0.226429267
437,0,0,0,1,-2.381750647,0.389204914,0.442497757,-1.063028589,-0.145549511,0.700378365,-0.888630642,-0.05994961,-0.005746081,0.040410131
438,0,0,0.972966734,1,-2.151713421,0.910953556,-0.228392644,0.497255614,0.545705714,-0.125717757,-0.095189099,-0.165560793,-0.169064758,1.007564946
439,0,0,0.584600787,1,-3.924026898,-1.041072295,-0.289355356,0.421458495,0.255820009,0.586923446,0.291196274,-1.303118364,-0.204249748,0.9420162
440,0,0,0,0,-4.547939562,-0.511566899,-0.22104946,0.255739705,0.020866108,-0.515300158,-0.048005985,-1.611038593,0.093481345,-0.020376001
441,0,0,1.529749332,1,-1.954170381,0.218293093,-0.397738809,-1.176077112,0.135225947,-0.312407667,0.392656009,-0.133528111,0.105005437,0.15000196
442,0,0,1.683577395,1,-2.347844455,-1.098354124,-0.499411814,0.607639256,1.211927638,1.218905662,-0.027474361,-0.241585542,-0.859962095,0.618293367
443,0,0,1.245045695,1,-1.678271639,0.454744921,-0.68168457,-0.456851662,0.192509508,-0.343518506,0.460419172,0.876043544,0.459155979,-0.023613399
444,0,0,0,0.618329966,-1.387601425,0.318287914,-0.299010204,0.112493328,0.537614072,-0.076451728,0.254501182,0.023370031,-0.012132366,0.170177505
445,0,0,0,1,-4.440742789,-1.003427793,-0.226246611,0.2915093,-0.166517822,0.231352465,0.445739232,-1.59101884,0.094072636,1.02458517
446,0,0,0.734827864,1,-2.838312156,0.439581336,-0.20876988,0.459036687,0.337509035,-0.030709172,0.043086358,-0.623142744,-0.084835234,1.04693092
447,0,0,0,1,-2.282010593,1.50508097,-0.106598601,-0.71209669,0.696185112,0.187891073,0.54769042,0.714644006,0.22828438,-0.144472386
448,0,0,0,1,-1.607741743,1.413627407,-0.748975027,0.541974169,0.536468471,-0.024345947,0.516628816,2.379252049,0.880736421,-0.370803009
449,0,0,0,0.153482187,-0.474586323,1.865494803,0.036425695,0.163999671,0.642984798,-0.282274724,0.152157988,-0.423933622,0.298732946,-0.088818084
450,0,0,0,0.912771114,-1.80154815,1.457091956,-0.800966733,0.548010299,0.493529652,-0.111702682,0.625127083,2.190577389,0.895880769,-0.397532343
451,0,0,0,0.871529671,-2.643451718,-0.020535994,0.407700749,-0.785419691,-0.197069717,0.593046878,-1.031376402,-0.254648098,-0.00880524,0.07306279
452,0,0,0,0.512936525,-1.344792147,1.313080613,-0.134645401,0.085022807,0.101303185,0.300658747,0.119494084,-1.227927082,0.467894436,-0.194314331
453,0,0,0,0.204525765,-4.19367657,-1.209619101,0.042705244,0.433344283,0.279796998,-0.292529305,-0.599779438,-1.311491939,-0.098913843,0.184577511
454,0,0,0,0.611886504,-3.24690439,-0.4834078,0.265619739,-0.310994078,-0.011440843,0.248320554,-0.863369586,-0.666043412,-0.043881621,0.116471884
455,0,0,0,0.67066317,-1.85143825,0.982865526,-0.199182636,0.069569914,-0.115203597,0.509626125,0.1266527,-1.555651996,0.511315454,-0.159681896
456,0,0,0.822960526,1,-2.279453765,0.8443653,-0.240181568,0.424945327,0.35262872,0.058615146,-0.063497947,-0.539747747,-0.03136575,0.826131712
457,0,0,0,0.649854306,-2.349428879,0.64942706,0.572948901,-1.174156542,0.50917539,0.136553402,0.242760239,-0.026645736,-0.336156272,0.065159657
458,0,0,0.803703819,1,-2.265490825,0.830427183,-0.103274446,-1.248378795,0.423244537,-0.017541635,0.448254006,-0.124635611,0.010431537,0.065153618
459,0,0,0.682486237,1,-3.029255023,-0.486485128,1.158512835,-0.734508837,0.756389019,0.8508883,0.47606008,-0.48704449,-0.054663859,-0.444055824
460,0,0,0.866469413,1,-2.182288506,0.706317041,-0.261407184,0.453601664,0.526727885,-0.099889928,-0.046218944,-0.132347123,-0.174779128,0.948143159
461,0,0,1,1,-2.429254893,0.710436581,0.400438606,0.143327813,0.635790957,0.173086682,0.207877481,-0.202706639,0.030525603,0.42811857
462,0,0,0,1,-2.524072891,1.086501818,0.305502897,-1.228426604,0.407647884,0.456371699,-0.017077342,-0.094129406,-0.060910035,-0.002705601
463,0,0,1.317027464,1,-2.240734974,-0.633960597,-0.482731943,0.448177895,0.785634799,1.245522043,-0.030158495,-0.722730054,-0.485053757,0.315940867
464,0,0,0.612190751,1,-2.324732653,1.174307662,-0.048329759,-0.203972159,0.624806641,0.038803255,0.13182092,-0.151033523,-0.13916602,0.614898659
465,0,0,0.886041554,1,-1.642958543,0.755719627,-0.726015871,-0.137106291,0.308458042,-0.267495263,0.509766586,1.358864966,0.598437188,-0.132305783
466,0,0,0.164867779,1,-4.526019509,-1.019194601,-0.209128327,0.350350329,-0.109346937,0.345549976,0.412906402,-1.708550437,0.046186989,1.065655919
467,0,0,0,0.409107459,-1.011274674,1.530456213,-0.092161514,0.095195213,0.243826327,0.16309868,0.114781675,-1.012190725,0.439311037,-0.217112339
468,0,0,0.719855149,1,-2.492738138,0.066655569,0.056092161,-0.035131773,0.602952375,0.272460031,-0.070712327,-0.406688475,-0.368201644,0.629464601
469,0,0,0.124346972,1,-1.568035188,1.394293885,-0.820073037,0.541293452,0.554464594,-0.106197702,0.614466376,2.38326112,0.893948384,-0.362917051
470,0,0,0,0.003446408,-1.87086624,-0.948564252,1.221444127,-0.889735963,0.079211284,-0.178091341,-0.251896484,0.133015287,-0.785447786,0.237351119
471,0,0,0.695200593,1,-2.556406754,-0.196127361,-0.412479678,0.254186134,0.146866436,1.104083097,0.050936307,-1.439076213,0.028182699,0.125520652
472,0,0,0,0.200246651,-4.045614901,-0.958919301,-0.222646264,0.776016817,0.459782901,-0.467115058,-0.247367067,-0.797313221,0.087466418,0.094751683
473,0,0,0.226664581,0.226664581,-4.259416492,-1.143156312,0.250504603,0.531150741,0.502876749,-0.292027283,-0.205922614,-1.320649643,-0.022836077,0.061867408
474,0,0,0,0.968542342,-2.6655679,1.492788813,0.201828086,-1.303630891,0.700973059,0.285153504,0.511309639,-0.160746372,-0.078354716,-0.039372459
475,0,0,0,1,-2.888837381,-1.569225285,0.089137861,-0.632774871,0.546922899,0.68477904,0.195416571,-0.408116864,-0.5378092,0.060604124
476,0,0,0,0.684193993,-2.252482227,-0.954037557,0.023603714,-0.213046807,0.279037402,0.017560129,0.161125039,0.137587231,-0.399334623,0.393565735
477,0,0,0,0.44349334,-1.121728255,1.458466242,-0.106231234,0.091826338,0.196625827,0.208655519,0.11634232,-1.083637816,0.448777224,-0.209562145
478,0,0,0,0.652246782,-3.000993004,0.170911602,-0.089686612,0.257340005,0.115203152,0.031775458,0.333957352,-1.274653924,0.207892883,0.620007058
479,0,0,0,1,-3.922583148,-0.991874859,-0.304567462,0.241727669,-0.027588386,0.200127828,0.421623423,-1.145256099,0.012767359,0.880225602
480,0,0,0,1,-1.658368607,1.499465016,-0.732492818,0.459380394,0.60896892,-0.042049572,0.619713659,2.29121074,0.841363246,-0.364395671
481,0,0,1.90069011,0.950345055,-1.897350417,-0.24749951,-0.562676635,-1.033101021,-0.027617805,-0.506402192,0.315726069,-0.21358478,0.151720614,0.205643136
482,0,0,0.652988252,1,-2.57598875,-0.14726584,0.121994656,-0.164850567,0.615466568,0.369064703,-0.061903027,-0.462230129,-0.416079228,0.535616752
483,0,0,0,1,-2.879501368,-1.556772743,0.076510997,-0.617862858,0.543362152,0.673062178,0.198614086,-0.396981909,-0.531353812,0.068844817
484,0,0,0.889678859,1,-2.281304253,0.609957695,-0.111282228,0.29431864,0.571169733,0.027110471,-0.09308555,-0.2656278,-0.24660562,0.867812581
485,0,0,0.74202172,1,-2.125103597,0.065032393,0.08233301,-1.060635085,-0.200766663,0.293543477,-0.568692336,-0.083813209,0.067062294,0.108487213
486,0,0,1.218953948,1,-2.103743876,-1.053836549,-0.548224792,0.44145304,1.051823827,0.89685141,0.06487794,0.092886616,-0.725605478,0.501497145
487,0,0,0,0,-4.392107178,0.856014567,-0.416451137,-0.45377173,-0.500541315,-0.452527936,0.491775191,-1.57948665,0.376640024,-0.328143666
488,0,0,0.967492021,0.967492021,-2.064411602,1.009191822,-0.210414393,0.496209294,0.558808457,-0.140291718,-0.100993461,-0.173606664,-0.1515455,0.979426291
489,0,0,0,0.818118902,-3.841189839,-0.392649068,-0.131627271,0.288381822,-0.060319052,0.136217855,0.39441763,-1.557574528,0.177682571,0.855738164
490,0,0,1.755743889,1,-2.023502763,-0.054641616,-0.117098172,-0.953614275,0.148094483,-0.225048893,0.4371695,-0.165414236,0.206497538,0.039249792
491,0,0,0.58088089,1,-1.612941708,1.011554117,-0.76369836,0.134683638,0.407016605,-0.202873993,0.55171287,1.769272783,0.716828989,-0.224696473
492,0,0,0,0.062215663,-4.524428242,-1.463318572,-0.035169184,0.693376381,0.381539957,-0.481473381,-0.507695107,-1.536977208,-0.118139164,0.208369982
493,0,0,0.100098963,1,-3.336213051,-1.979669897,0.823197945,-1.329374843,0.740418758,1.244759597,0.090408722,-0.928709707,-0.762044939,-0.390123527
494,0,0,0.491739293,1,-2.380882072,1.239970218,0.004993891,-0.425211452,0.647878726,0.091938892,0.206189876,-0.143902822,-0.130330162,0.488253741
495,0,0,0.81647111,1,-3.59147211,-1.053158045,-0.333674643,0.460740307,0.457546764,0.720263791,0.223960754,-1.079148211,-0.342596855,0.87371473
496,0,0,0,1,-3.145262815,-1.911250167,0.435950702,-1.042352248,0.644723339,1.006597539,0.107592753,-0.713952548,-0.715114633,-0.165736989
497,0,0,0,0.88638834,-2.120446454,-0.578522662,-0.461252343,0.102616349,0.421525157,0.054672447,0.323121905,0.103794918,-0.15901718,0.377017933
498,0,0,0.652356687,0.326178344,0.368390627,0.803041427,-0.55388243,0.412468269,-0.689691318,-0.259976455,0.306198714,-0.019421566,0.144438732,-0.108518849
499,0,0,0,1,1.060813502,0.607209716,0.108833186,-1.549881099,-0.228697552,0.535410936,0.419504589,2.120949261,0.66100001,0.242548051
500,0,0,0.764671037,0.764671037,0.673080686,0.765648244,-0.63280076,0.512460353,0.24002437,-0.432217559,0.506094954,1.465604356,0.496893356,0.007434865
501,0,0,0,0.667384759,-0.552895186,0.299978053,-0.57261009,0.238727186,0.381883644,-0.017380114,1.038536828,-1.402219685,0.203960021,-0.144580168
502,0,0,0,0.677445797,1.130364191,0.265913126,1.335474512,1.002881352,-0.396574211,0.157437652,0.674178533,0.140578866,-0.688213065,-0.017000476
503,0,0,0,0,1.869120071,0.674570818,-0.345801433,-0.278775547,-0.836743016,1.760566488,-0.670276121,-0.010110206,0.549841411,0.155330507
504,0,0.383629121,0,0,1.898587607,-0.236128785,-0.046145605,-0.430988226,-0.680258328,1.847400338,-0.652120064,0.013323795,0.766728489,0.23315277
505,0,0.127623284,0,0,0.632288646,0.505275198,-0.581830029,0.543536462,-0.708605558,-0.171110128,0.0229055,-0.004114353,0.282011622,-0.096555285
506,0,0,0,0,1.504449824,0.041914367,0.202936024,0.26947572,0.136677182,-0.264327692,-0.631810613,0.284419548,0.184260187,-0.093515155
507,0,0.447316791,0.552683209,0,1.036821477,0.034835886,-0.005693035,1.348272605,0.821585821,-0.058566093,0.109418886,-0.502832184,0.308799059,-0.099105529
508,0,0.589775303,1,0.589775303,2.50172359,1.590400393,-0.516855611,0.519879769,0.081483055,-0.462313857,0.620689858,1.226134588,0.850794025,0.481760664
509,0,0.357986152,1,0.357986152,3.208504243,1.059315936,-0.629240458,0.63309012,-0.130505632,-0.636389971,0.609431766,2.10948777,0.852582427,0.122491075
510,0,0.049299792,0,0,1.69991343,-0.440079708,0.808775902,0.770443414,-0.37717535,-0.286006534,0.16462792,0.204975413,0.633228433,0.124777061
511,0,0,0,0.340232486,0.565028417,0.759047055,-0.275388265,1.181712513,0.082928187,-0.032857148,0.237345611,0.478123845,0.593967187,-0.003519101
512,0,0.615845896,0.615845896,1,0.986593366,1.442933163,0.531663218,0.366154745,0.176770516,-0.034232813,0.687191849,-0.137882737,0.150288187,0.743796396
513,0,0,0.613857874,0.386142126,-0.44302078,-0.475029334,0.463096311,0.068772031,0.135851638,-0.710580036,-0.869307848,0.025974134,-0.147346278,-0.042037073
514,0,0,1.540973589,0.770486794,0.545837866,0.739819588,-0.239027004,-0.201668711,-0.624967036,0.481727364,0.411729788,-0.028897263,0.19811266,0.027111526
515,0,0,0,0.944853761,-0.807023497,0.617489043,0.395399513,1.134008495,0.947916622,-0.417272219,0.683851593,-1.880874464,0.450391973,-0.004604422
516,0,0.925621193,0,0.074378807,1.663216674,0.824330651,-0.381367018,1.813314083,0.612790013,-0.146159658,0.830035695,-1.382233639,0.759214865,-0.113002507
517,0,0,0,0.435527784,1.021388296,0.615210226,0.47706989,0.3898199,0.768430576,0.138392226,-0.178959778,-0.526477055,0.260168302,-0.889459605
518,0,0.051541186,0,0.948458814,0.603981376,-0.369150532,1.810389126,0.404561941,-0.278174236,0.204812312,0.707163212,0.174929432,-0.868533891,0.148809508
519,0.027971357,0.027971357,0.972028643,0.972028643,0.181585651,-0.69260785,2.236512891,-0.492474592,0.428232474,0.479045137,0.552883552,0.076393235,-0.009806636,1.046503002
520,0,0,0,0,2.458158398,-0.534972396,0.025660732,1.255484158,-0.560253603,-0.435576143,-0.160082214,3.592623079,-0.168855636,-0.191510418
521,0,0,0,0,0.661770096,0.945276513,0.293072518,0.777254363,-0.133516177,0.003261557,-0.871482484,1.980691721,-0.265988644,-0.278322937
522,0,0,0,0,-0.10844791,-0.576077325,1.838966814,0.135109457,-0.077866013,0.613323028,-0.983308359,1.100838927,-1.061262041,-0.059395218
523,0,0,1.832095008,0.389301664,-0.55110099,0.229279109,-0.8236517,0.045378041,0.468962414,-0.329349654,0.861520512,0.156828273,0.52872812,-0.097275251
524,0,1,1,0,0.219513821,-0.571339698,1.021016092,-0.633926807,0.140895703,0.239037143,-0.709990486,4.171360873,0.339580155,0.214234533
525,0,0.193900949,0,0,1.482800862,0.309013771,0.048988745,0.471849399,0.331750688,-0.143293422,-0.289407825,0.037030252,0.346145214,-0.15646189
526,0,0,0.065199429,0,2.182277677,0.595011339,-0.250110429,-0.488144649,-0.743535976,2.158891297,-0.789152908,-0.020870269,0.592921955,0.212805889
527,0,0.207514203,0,0.792485797,-0.474170249,0.592055712,0.338239458,0.903442118,0.752383773,-0.471073796,0.620329861,-1.576925874,0.477924636,-0.040442954
528,0,0,0.200611684,0,2.073843633,0.511140058,-0.255721552,-0.391615995,-0.503645378,1.792770126,-0.617782821,-0.04431345,0.475447666,0.163093786
529,0,0.899415663,0.899415663,0.899415663,1.358597395,2.422170307,-0.269573351,0.506969681,0.344511439,-0.123029854,0.625467523,-0.297868363,0.752175658,0.969353542
530,0,0,0,0,1.913615069,-0.259138717,-0.651669178,0.2874489,0.251815846,-0.316130769,0.185464372,-0.349547934,0.712873614,-0.19109373
531,0,0,0.799753064,0.200246936,2.50265439,0.00396706,-0.758877336,1.400790846,-0.00644367,0.685011668,1.145077327,0.979162496,0.311966841,0.123572224
532,0,0,1.711375206,0.711375206,0.444268694,0.553040454,-0.251629891,-0.02146658,-0.131609684,-0.156446457,0.678535162,-0.077383477,-0.017649058,-0.062764678
533,0,0.3813792,0,0,1.932029927,0.310040025,0.709686226,-0.16190234,0.217314072,0.529279231,-0.32001963,-0.259778795,0.878032905,-0.967898584
534,0,0,0.081822989,0.918177011,0.619628563,1.114977223,-0.185299031,-1.924366014,-0.128086452,0.503481264,0.468236064,3.760633212,0.916520371,0.128255744
535,0,0,0.437032584,0.218516292,1.755572731,0.665010219,-0.24503161,-0.440193807,-0.792655381,1.80952181,-0.50768429,-0.015060431,0.521471764,0.177288878
536,0,0.737323333,0.262676667,0,-0.398359193,0.242108235,0.040533766,1.409488949,-0.57719922,-0.779136586,0.318047741,1.329994484,0.522025385,-0.143677716
537,0,0,0,0.185362932,1.92464771,0.461953912,0.149474312,-0.3537929,-0.750212679,1.93163264,-0.568870369,0.025876183,0.349730639,0.219650816
538,0,0,0,0,0.950719429,1.389064388,-0.231531376,1.126489768,-0.174617729,-0.68351392,-1.47307929,0.738494614,0.028822983,-0.000455779
539,0,0.922361916,0.077638084,0,2.588318195,-0.934800468,0.169580103,0.427827706,0.907498324,0.193655281,-0.328839102,-1.083835371,-0.095458646,-0.203501101
540,0,0,0.465447289,0,0.953940931,-0.696235574,0.029421263,0.603350923,0.425038172,0.600922879,-0.302401755,0.663862683,-0.790298596,0.080506722
541,0,0.996035245,1,0,-0.163195466,-0.888833059,1.1104659,-1.159580042,0.277963473,0.0212803,-0.911899982,4.64267478,0.398781678,0.251584461
542,0,0,0,0.620147217,-0.355862311,0.92791285,0.641881305,-0.111250008,0.626816303,0.852840642,0.067001649,1.219786595,0.163892931,0.203348588
543,0,0,0,0,1.325073176,-0.486930625,0.886176383,0.627117743,-0.231061492,-0.127236667,0.122218594,-0.011917899,0.381543807,0.135858795
544,0.237457609,0.237457609,0,0.762542391,0.094499436,0.05288602,0.15437963,0.966141012,0.888265396,0.443401257,-0.453730111,-0.157704244,-0.155028904,-0.111224652
545,0,0,0,0.622685837,0.906912603,-0.139229755,0.196611654,1.276041977,0.587709889,0.058022721,-0.09700536,2.028874547,0.022755237,-0.157147801
546,0,0,0,0.895963578,-0.823641233,0.084855575,-0.320880008,0.15393186,0.475494579,-0.095751065,1.339875274,-1.804825584,0.320776365,-0.040285714
547,0,0.52117977,0,0,1.778150358,-0.548614388,0.026017516,-0.393830194,-0.616155777,1.672508409,-0.573401762,0.021536926,0.808766465,0.231865959
548,0,0,0,0.267342764,1.502652252,0.099327747,-0.081543713,0.128683086,0.317169537,0.245897511,0.670051784,0.168609514,0.208885948,-0.134149841
549,0,0,0.319091026,0.680908974,-0.964220222,-0.155222235,0.004325627,-0.082877328,0.465836726,-0.360996895,0.410008242,-1.284990961,0.145667857,0.016391303
550,0,0,0.802985175,0.802985175,-0.056211269,0.766711154,-0.458668348,0.301764535,0.396610063,-0.117027453,0.196044293,1.160350401,0.075013148,0.119594265
551,0,0,0,0,-0.220731698,-1.086979758,2.546515338,0.241654881,0.08458844,0.057631601,-1.170598506,1.357986969,-1.093443555,-0.091622661
552,0,0,0,0,1.520930789,-0.48780727,0.865155651,0.682781345,-0.279500059,-0.239961407,0.133102786,-0.011228482,0.524889773,0.140491566
553,0,0,0.872152357,0,0.601469816,-0.350371232,-0.431016359,0.79239402,0.330561585,0.493299522,0.258810784,2.466776656,-0.33934193,-0.01273273
554,0,0,0.700548925,0,-0.134948105,0.096938798,-0.05880117,-0.18498815,0.547657585,0.494911344,0.014607935,1.373685509,0.326403574,0.391184784
555,0,0,0,0,-0.215609955,-0.946238058,2.244301121,0.206811044,0.155469302,0.009243814,-1.141996329,1.340451996,-0.913755575,-0.174985922
556,0,0,0.034670725,0,1.389392281,0.768085598,-0.730546309,2.048744147,-0.319857188,-0.926235853,-0.330976402,-1.748234852,0.73737937,-0.191168062
557,0,0.662354984,0,0,0.407778798,0.035033404,-0.334285677,1.517679336,-0.064799553,-0.700285873,0.040002317,1.060748838,0.519805376,-0.182487646
558,0,0.654934692,0,0,2.389569144,0.042114465,-0.25004156,0.524384014,-0.396085044,-0.025304915,0.445087031,2.643665469,0.369934732,-0.356742118
559,0,0,0,0,1.007720478,0.766934195,-0.577774624,0.324414919,-0.784173851,0.405855874,-0.195474984,-0.011353984,0.314920351,-0.036606624
560,0,0,0.230926152,0.230926152,0.052842838,0.47562326,0.256502833,0.044243765,-0.153037935,1.127165929,-0.400168181,0.782975447,-0.69256505,0.034060998
561,0,0,0,0,0.924524337,0.933273506,-0.382259387,-0.041094461,0.020414932,0.465238193,0.288585776,2.009006918,0.172891004,-0.186837769
562,0,0.646426297,0,0,0.374784767,0.146622269,-0.349395613,1.33008745,0.04663252,-0.560536294,0.081959547,1.133067521,0.558566329,-0.241003164
563,0,0,0,0,2.087995838,-0.136816759,-0.238425546,0.980188518,-0.536963785,-0.350736046,-0.091883704,0.048246342,0.198734831,-0.050765032
564,0,0.805570643,1,0,0.146013686,-0.306103114,0.920603681,-0.572667694,0.389606189,-0.040280876,-0.514089025,3.707265796,0.386621911,0.135076825
565,0,0,0,0,1.007029871,0.381355492,0.265298635,0.22764291,-0.525906992,1.127025944,-0.199643685,1.047315426,-0.405771453,-0.134637177
566,0,0,0,0.630064509,0.84114636,0.511421103,-0.4941587,0.487908181,-0.67890674,-0.894617744,-0.063827747,2.121639235,0.792924358,0.474630852
567,0,0.933413968,0,0,1.046926468,0.513491252,-0.106066157,-0.075665955,-0.25650993,-0.662690817,0.043419637,-0.004569546,0.385186729,-0.156626329
568,0,0,0.29433265,0.70566735,-0.276120903,-0.588903533,-0.01109011,0.964524012,0.977425724,0.057893395,-0.137580477,-0.378458274,-0.368073274,0.102303968
569,0,0,2.069421726,0,1.910317366,0.349090031,-0.948149958,0.408886283,0.005665675,-0.682375585,0.50768405,2.437708896,0.743685499,-0.276748193
570,0,0,0.390920128,0.390920128,-1.323443856,-0.689284876,0.596955547,-0.461732677,0.711986506,0.817554016,0.549286074,0.16914501,-1.229218772,0.161946799
571,0.48722737,0,0.48722737,0.48722737,-2.687101461,1.255979985,0.148443366,0.022888414,0.228960936,0.943374497,0.020919315,-0.182035639,0.198859893,-0.088333621
572,0,0,0,0,-1.884134543,-1.0149698,0.663685521,-0.766895411,-0.12891074,0.280644247,0.689579918,0.127154613,-0.823977889,0.350985326
573,0.438100186,0,1,1,-2.598710619,0.508135834,0.165815304,-0.608325889,-0.030533293,0.884176974,0.285998985,-0.131859224,0.068574787,-0.04248392
574,1,0,1,0.954461311,-2.520670237,1.159195747,0.854294654,-0.593334964,0.792524828,1.144444952,-0.451747965,-0.071128097,0.154762423,-0.042183362
575,0,0,0,0,-0.527966676,-1.088308157,1.181695724,-0.398090043,1.594230642,0.961375542,0.296721572,0.546350429,-1.844786852,0.209369521
576,0.256072174,0,1,1,-2.586151843,0.286215025,-0.068256762,-0.593006874,-0.31624482,0.775124049,0.52818407,-0.106667448,0.019416559,-0.042849551
577,0,0,0,0,-0.526864638,-1.096446315,1.198016871,-0.396023483,1.605100495,0.955851139,0.311180606,0.478405133,-1.887897813,0.2350781
578,0,0,0,0,-0.819588406,-1.094793448,1.114109328,-0.472528102,1.249784934,0.798252392,0.421911778,0.268089346,-1.741759055,0.31096288
579,0.585095313,0,0.585095313,0,-1.176845942,0.807351373,-0.14813466,0.693569137,-0.409012882,0.015151564,0.055393442,1.592129629,-0.639356782,-0.090007054
580,0,0,0.439067457,0.439067457,-2.209009763,-0.582951969,0.195374475,-0.686946512,-0.414494908,0.415488129,0.781843023,0.002619759,-0.484175481,0.19169055
581,0.510592105,0,0.510592105,0.510592105,-2.68484035,1.253118482,0.182158448,-0.008027877,0.25732385,0.956016025,-0.001066862,-0.183292688,0.199837763,-0.086193029
582,0.772359577,0,0.772359577,0.772359577,-2.659507928,1.221059543,0.559886325,-0.354399424,0.575088557,1.097645748,-0.247389622,-0.197376069,0.210793359,-0.062210846
583,0.543936992,0,1,1,-2.606012686,0.637167565,0.301912159,-0.617232846,0.135588367,0.947583771,0.145184966,-0.146506514,0.097156925,-0.04227133
584,0,0,0,0.256437692,-1.478957856,-0.807016136,0.542271407,-0.848881237,0.803832115,0.974407124,0.294368831,1.24979748,-0.517606829,-0.253993949
585,0,0,0,0,-0.538523592,-1.01034908,1.025348115,-0.417886547,1.490103426,1.01429629,0.15821198,1.197228999,-1.431807554,-0.036904531
586,0,0,0,0.007488375,-1.944350829,-1.015442545,0.653171056,-0.786599095,-0.180977777,0.256883278,0.718011071,0.049407988,-0.815448213,0.374219462
587,0,0,0,0,0.185309484,-0.267797263,0.054668001,-0.091312853,0.324454345,0.58591038,0.540175873,0.095953468,-1.14014995,0.175745334
588,0,0,0,0,-0.489254922,0.646492676,-0.677530265,0.299676252,-0.489668604,0.458688956,0.606807713,-0.090711181,-0.316204685,0.018501676
589,0,0,0.31599641,0.31599641,-2.681870512,0.891701443,-0.504984899,0.276055216,-0.474888299,0.661416354,0.602475061,-0.129090883,0.106355923,-0.104655906
590,0,0,0,0.293478825,-0.752241678,0.051338146,-0.576912052,-0.512512665,-0.608112349,0.428784733,0.852869326,-0.454469699,-0.300587206,0.12109439
591,0,0,0,0.812694173,-3.742028142,-0.641366202,-0.025008934,-1.781580759,-0.631309098,0.559617417,1.180237611,-1.135117693,0.128785842,0.217345177
592,0,0,0,0,-0.545336492,-0.960038231,0.924449267,-0.430662211,1.422904981,1.048448668,0.068824886,1.617273145,-1.165291579,-0.195837362
593,0,0,0,0,-0.554095081,-0.895359158,0.794734821,-0.447086463,1.336515402,1.092354587,-0.046090175,2.157277266,-0.82266158,-0.400159656
594,0.948485133,0,1,0.051514867,-0.201035384,0.422543702,0.112416849,0.645875424,-0.45622766,-0.400612025,-0.187883144,2.682101922,-1.159045927,-0.058706578
595,0,0,0,0,-0.55103855,-0.917930556,0.840001955,-0.441354806,1.366663229,1.077032507,-0.00598766,1.968829181,-0.942230977,-0.328856228
596,0,0,0,0,-1.10988949,-0.944632381,0.738575849,-0.580882794,0.72331425,0.753692309,0.260032462,1.314930182,-0.819498536,-0.088540392
597,0,0,0,0.387104631,-1.950135412,-0.762614708,0.414859833,-1.053458597,0.533224557,0.913890974,0.468938459,0.782272593,-0.365416931,-0.177577811
598,0.727368511,0,1,1,-2.618668295,0.860799468,0.537789012,-0.632669977,0.423502841,1.057477536,-0.09886746,-0.171892529,0.146694182,-0.04190288
599,0,0,0.140353826,0.140353826,-0.811252858,-0.96215965,1.00607735,-0.41659395,1.300333945,0.898120769,0.41780845,0.268030987,-1.714439457,0.246408538
600,0,0,0,0,-0.254658176,0.576567251,-0.69037399,0.261230252,-0.502958038,0.435587645,0.620121562,-0.083907233,-0.367896792,0.034330263
601,0.229778693,0,1,1,-2.58433776,0.254159133,-0.102067873,-0.590794081,-0.357515119,0.759371633,0.563167085,-0.10302856,0.012315779,-0.042902365
602,0.721707856,0,0.721707856,0,0.132322738,0.406837811,-0.104991282,0.544679966,-0.473437035,-0.233135123,0.01005423,2.027677908,-1.038651952,-0.016178829
603,0.059098355,0,1,0.940901645,-2.420973114,0.001969239,-0.365768465,-0.495606789,-0.70185468,0.558012214,0.803038433,0.100326592,-0.118856861,-0.044319884
604,0,0,0,0.778937855,-3.093890904,-0.364836699,-0.306089788,-1.543537178,-0.696029801,0.567068914,1.151687898,-1.111479585,0.145361698,0.162155444
605,0.371090206,0,0.371090206,0,-1.746484739,0.993267691,-0.296811521,0.684066691,-0.391998083,0.258239231,0.210478354,0.952796817,-0.340228193,-0.105721821
606,0,0,0,0.219173785,-1.344586324,-0.819678641,0.578606942,-0.790539381,0.88100462,0.991665263,0.244584651,1.383127335,-0.561008705,-0.275786484
607,0.458928761,0,0.458928761,0,-1.512676071,0.9169582,-0.235786993,0.687966977,-0.39898182,0.158463717,0.146823637,1.215211446,-0.463005745,-0.099271684
608,0,0,0.583991537,1,-3.230652147,-0.245784423,-0.308194108,-1.171164094,-0.725617902,0.625175689,1.043139775,-0.628443393,0.115904224,0.049912348
609,0.980831838,0,0.980831838,1,-2.666665939,1.159683256,0.867837509,-0.68163316,0.820996493,1.209486962,-0.428066889,-0.23264505,0.222776319,-0.037095928
610,0,0,0,0.844617771,-3.599901793,-0.607148931,-0.031255076,-1.769759377,-0.414272299,0.702001615,1.080171101,-0.854704446,0.167456028,0.089983266
611,0.14613571,0,0.14613571,1,-3.937677053,-0.298972664,-0.026235065,-1.814664732,-0.504075508,0.716371884,1.032116275,-1.235145978,0.32971055,0.148380698
612,0,0,0,0.552413755,-2.532844653,-0.805292975,0.451916324,-1.287171371,0.322906269,0.770227914,0.865418441,-0.634509126,-0.696532312,0.231370653
613,0,0,0,0.800455245,-3.714703894,-0.647052069,-0.014700767,-1.766457286,-0.624464174,0.555015934,1.173211882,-1.117113198,0.11443372,0.219729627
614,1,0,1,0.504654049,-1.366903139,0.823515357,0.517724115,0.021824173,0.210732298,0.390141462,-0.354445749,1.296855584,-0.492787393,-0.050362937
615,0.956238482,0,0.956238482,0,-0.188937045,0.484921816,0.109711531,0.71004897,-0.438521179,-0.406428691,-0.213566053,2.700906937,-1.158127266,-0.062753365
616,0.219014907,0,0.219014907,0,0.502218687,0.334464035,-0.547737502,0.242455717,-0.530222403,0.169684716,0.471275508,0.575435844,-0.712346466,0.062146398
617,0,0,0,0.017091946,-1.965791462,-1.010980992,0.645082503,-0.798466094,-0.186348812,0.260493943,0.723523978,0.035280325,-0.804186472,0.372348445
618,0.269707954,0,1,1,-2.587092626,0.302839188,-0.050722344,-0.594154427,-0.294842073,0.78329324,0.510041903,-0.108554572,0.023099019,-0.042822161
619,0,0,0.975215892,0.975215892,-2.518563687,-0.047494291,-0.368053424,-0.568381667,-0.667292365,0.633396019,0.846153794,-0.015747685,-0.06873609,-0.052301034
620,0,0,0,0,-0.544369909,-0.967176099,0.938764323,-0.42884966,1.432438782,1.043603288,0.081506709,1.557679248,-1.203103617,-0.173288716
621,0.866626837,0,1,1,-2.628276234,1.030577294,0.716863011,-0.644389604,0.642082984,1.140907155,-0.284148226,-0.191165192,0.184302088,-0.041623158
622,0,0,0.3012843,1,-3.680642002,-0.395158961,-0.247475115,-1.578707917,-0.730675059,0.627529993,1.161559186,-1.007110526,0.228469809,0.113300177
623,0,0,0,0,-0.545333295,-0.96006184,0.924496616,-0.430656216,1.422936515,1.048432641,0.068866833,1.617076032,-1.165416646,-0.19576278
624,0,0,0.341948339,1,-3.615916369,-0.373673229,-0.256208813,-1.520087636,-0.729947648,0.627191355,1.144525976,-0.952643809,0.212278602,0.1041826
625,0,0,0.06410306,0.06410306,-0.683376185,-0.838502376,0.716046462,-0.455345082,1.20329843,1.062949776,0.010560564,2.023830396,-0.767146014,-0.380847359
626,0,0,0,0,0.5546969,0.335325637,-0.734684638,0.128592159,-0.548806376,0.355888489,0.666054129,-0.060433719,-0.546233746,0.088938639
627,0,0,0,0,-0.837868332,-1.093541751,1.106609062,-0.477556824,1.226250059,0.789274723,0.42672575,0.264663393,-1.726622138,0.312030522
628,0.616553895,0,0.616553895,0.616553895,-1.371778411,0.85181798,0.263734033,-0.361742535,0.312151532,0.885056211,-0.026839721,-0.151208564,-0.082793982,0.011417144
629,0.480640752,0,0.480640752,0,0.309706855,0.372130866,-0.317310848,0.399747907,-0.500668537,-0.039962308,0.231233536,1.331253204,-0.882171702,0.021382143
630,0.086908549,0,0.086908549,0.086908549,0.376503706,0.38030217,-0.599060263,0.044175338,-0.432735646,0.421285824,0.573683182,-0.070521515,-0.501479307,0.084310457
631,0,0,0,0,-1.683430478,-1.035642883,0.759674355,-0.710166983,0.137613325,0.37400079,0.649402398,0.106191418,-1.026444036,0.361415723
632,0,0,0.165127123,0.165127123,-2.706879837,1.09411198,-0.528683113,0.462989158,-0.421226777,0.670174019,0.543713865,-0.14185351,0.140785228,-0.118174958
633,0,0,0,0,0.539868035,0.155484566,-0.535168853,0.058570718,-0.327766143,0.407377372,0.63810792,-0.017693539,-0.717431725,0.116803416
634,0.514030709,0,1,0.485969291,-1.285447467,0.217098286,-0.121170754,0.088275503,-0.576213417,0.067664041,0.296169772,1.420936654,-0.650926453,-0.051678856
635,0,0,0.660589842,1,-3.108729339,-0.205312037,-0.324645657,-1.060741855,-0.724247687,0.6245378,1.011054547,-0.525845169,0.085405065,0.032737689
636,0,0,0,0,0.641817177,0.277194278,-0.704769505,0.101667977,-0.515304476,0.356042305,0.666267129,-0.0503714,-0.59588407,0.099855361
637,1,0,1,0.310205724,-0.868138227,0.678403228,0.372227181,0.287752881,-0.040772273,0.064061688,-0.312382726,1.888224728,-0.77271835,-0.053898907
638,0.147461195,0,1,0.852538805,-2.20041665,0.043754382,-0.318259537,-0.382197626,-0.67745101,0.462770456,0.704587852,0.356832542,-0.222202292,-0.045749239
639,0,0,0,0,-1.43030711,-0.973741186,0.707582844,-0.657863228,0.370625005,0.557923626,0.437798627,0.823374931,-0.821352295,0.093355229
640,0,0,0,0,-1.492864898,-0.97942434,0.701531823,-0.672892756,0.30176656,0.519702084,0.472505388,0.727404525,-0.821714219,0.128868219
641,0.046455466,0,0.046455466,0.046455466,-2.729756951,1.309961786,-0.487586137,0.60611919,-0.306100787,0.704894131,0.435684951,-0.158321619,0.180412533,-0.12871554
642,0,0,0,0,-0.354859344,0.60643386,-0.684888167,0.277651342,-0.497281844,0.445454697,0.614434939,-0.086813341,-0.345818014,0.027569543
643,0.833726461,0,0.833726461,0,0.049896222,0.422965368,-0.006331028,0.612026721,-0.460783152,-0.322898301,-0.092722951,2.351291221,-1.111364899,-0.03363259
644,0,0,0.401702618,0.401702618,-2.667663151,0.776715552,-0.491522358,0.169861309,-0.505372472,0.656441277,0.63585627,-0.121840657,0.086797236,-0.096975969
645,0,0,0.40551504,0.40551504,-0.647191941,0.169554338,-0.601505861,-0.165876166,-0.621148315,0.457321508,0.751971184,-0.06293728,-0.359133285,0.039647175
646,0,0,0,0,-1.536324999,-0.819288302,0.44802584,-0.643216212,-0.233903376,0.267829084,0.707446279,0.042647491,-0.785861764,0.333480897
647,0.841064684,0,1,1,-2.626512608,0.999413005,0.683992323,-0.642238358,0.601960578,1.125592877,-0.250138228,-0.187627517,0.177398809,-0.041674504
648,0,0,0,0,-1.590011834,0.974591408,-0.617265921,0.480069633,-0.427312938,0.567083157,0.544337491,-0.122636146,-0.073658933,-0.055768011
649,0.434134339,0,0.434134339,0.434134339,-0.769638038,0.689419301,-0.033428121,-0.221936987,0.055598749,0.725325198,0.179991363,-0.123418467,-0.226996874,0.036522936
650,0,0,0,0,-1.908458382,-1.020234363,0.667345257,-0.772071099,-0.152103574,0.263484699,0.708662926,0.064017562,-0.840106922,0.374558516
651,0,0,0.212516402,0.212516402,-2.699024203,1.030533172,-0.52123931,0.404271676,-0.4380823,0.667423165,0.562171238,-0.137844664,0.129970702,-0.113928513
652,0,0,0.114013755,0.114013755,-0.757410233,-0.990844836,1.049085118,-0.411848869,1.362182299,0.90659012,0.403987238,0.278426094,-1.765446904,0.255287339
653,0,0,0.075583787,0.075583787,-1.976070536,-0.943870957,0.57958443,-0.761783918,-0.217709758,0.281855747,0.725440815,0.050473237,-0.765690535,0.344005581
654,0,0,0,0.873045348,-3.69861316,-0.62552754,-0.00274302,-1.807146786,-0.435695002,0.669802589,1.167965889,-1.190510597,0.052035474,0.19518219
655,0.2376077,0,1,1,-2.584877912,0.263703925,-0.092000456,-0.591452951,-0.345226694,0.764061988,0.552750729,-0.104112056,0.01443007,-0.04288664
656,0,0,0,0,-0.510751979,-0.296072296,-0.106166757,-0.291677604,-0.383591855,0.303895692,0.691023515,-0.003942795,-0.685304125,0.222886024
657,0.48370675,0,0.48370675,0,-1.44672202,0.895432394,-0.218572854,0.689067191,-0.400951831,0.130318484,0.128867559,1.289234825,-0.49763952,-0.097452193
658,0.772130387,0,0.772130387,0.772130387,-2.659530108,1.221087612,0.559555606,-0.354096159,0.574810338,1.097521745,-0.247173955,-0.197363739,0.210783767,-0.062231843
659,0,0,0.120820473,0.120820473,-2.714224469,1.153555045,-0.535642703,0.517887123,-0.405467689,0.672745933,0.526457127,-0.145601584,0.15089628,-0.122145175
660,0.643630874,0,0.643630874,0,0.18977403,0.395596901,-0.173757492,0.497739269,-0.482256793,-0.170570176,0.081689939,1.802119387,-0.987971019,-0.004013555
661,0,0,0.311297378,1,-3.664704018,-0.389868333,-0.249625693,-1.564273309,-0.730495942,0.627446607,1.157364943,-0.993698688,0.2244829,0.111055073
662,0.238576833,0,0.238576833,0.238576833,-2.711164498,1.286432479,-0.210356903,0.351903591,-0.072880865,0.808841713,0.254899061,-0.168657963,0.188453272,-0.111114079
663,0,0,0,0,-0.529878059,-1.074193266,1.153388189,-0.401674302,1.575377876,0.970957115,0.2716437,0.66419533,-1.770014834,0.164780342
664,0,0,0.827736974,1,-2.842678441,-0.116996203,-0.360545005,-0.819786646,-0.721257706,0.623145847,0.941040545,-0.301962943,0.018852066,-0.004739575
665,0,0,0.690781865,0.690781865,-1.93640131,-0.362725784,0.107344718,-0.515751821,0.00788989,0.721136875,0.706630092,0.050804593,-0.648537665,0.060868387
666,0.680088758,0,0.680088758,0,-0.923992387,0.724826092,-0.082139378,0.697787122,-0.416565479,-0.092751165,-0.01344627,1.875919242,-0.77213518,-0.08303152
667,0,0,0,0,-1.822034384,-1.026152144,0.702805081,-0.748296265,-0.040835184,0.305929401,0.685903385,0.080214812,-0.911671372,0.369510908
668,1,0,1,0.051608213,-0.20482902,0.485418098,0.178730298,0.641412403,-0.375249086,-0.369592947,-0.256442965,2.674688627,-1.144999511,-0.058601405
669,0,0,0.932601029,1,-2.675764565,-0.061588991,-0.383067385,-0.668617195,-0.719381864,0.622272569,0.897115459,-0.161504668,-0.022901671,-0.028251901
670,0,0,0,0,-2.457790011,1.23324699,-0.569756719,0.622282176,-0.378155049,0.652535377,0.495089293,-0.147804089,0.117551231,-0.11431828
671,0,0,0,0,0.283461376,-0.150620813,-0.108615617,-0.049820817,0.143901163,0.536487365,0.567286249,0.064492744,-1.023129521,0.159428535
672,0,0,0.625702327,1,-3.164260382,-0.223745617,-0.317152623,-1.111034841,-0.724871766,0.624828333,1.025668106,-0.572574624,0.099296233,0.040560071
673,0,0,0.891926434,0.891926434,-2.219205785,0.009569123,-0.43462225,-0.497724579,-0.700537159,0.591826278,0.847629683,-0.069721067,-0.105984028,-0.028273026
674,0,0,0,0,0.392216941,-0.020785404,-0.289539305,-0.00384626,-0.056157777,0.481725019,0.597325449,0.029633213,-0.893466989,0.141348977
675,0.284265483,0,0.284265483,0.284265483,-2.706743001,1.280836942,-0.144428633,0.291448225,-0.01741851,0.833561633,0.211906117,-0.171116063,0.190365452,-0.106928251
676,0,0,0,0,-0.935483313,-1.086857681,1.066557571,-0.504410245,1.100573603,0.741333886,0.452432408,0.246368772,-1.645790857,0.317731742
677,0,0,0,0.237494064,-0.482194849,0.099332822,-0.608144182,-0.393611466,-0.597973415,0.412837339,0.818408567,-0.378701119,-0.352015527,0.116359092
678,0,0,0,0.314186268,-1.666685153,-0.938857691,0.789725681,-0.900832538,0.886542784,0.844843371,0.640627374,-0.221403133,-1.252714002,0.258258479
679,0,0,0,0,0.126732476,-0.337728119,0.152115596,-0.116075283,0.432208409,0.615406014,0.523996412,0.114729215,-1.209987693,0.185483193
680,0.824593372,0,0.824593372,0,-0.539350001,0.599288125,0.018253051,0.704203545,-0.428054536,-0.256893462,-0.118165666,2.307621751,-0.974118498,-0.072420295
681,0.270782774,0,0.270782774,0,-2.013483063,1.080409483,-0.366498616,0.67961275,-0.384022989,0.372178099,0.283168998,0.653131855,-0.200022097,-0.113087571
682,0,0,0,0.417622986,-2.042765584,-0.880864821,0.643051208,-1.068578173,0.641815729,0.812445859,0.738230092,-0.400770882,-1.01122378,0.246583972
683,0,0,0,0,-1.691051504,-0.898225036,0.531635961,-0.69625226,-0.211320122,0.262387774,0.709923954,0.04967649,-0.801032728,0.350166162
684,0,0,0.80317817,1,-2.881769103,-0.129972383,-0.35527034,-0.855190016,-0.721697022,0.623350366,0.95132765,-0.334857793,0.028630649,0.000766932
685,0,0,0.85356467,1,-2.801568064,-0.103349576,-0.366092198,-0.782554072,-0.720795692,0.622930761,0.930221931,-0.267368499,0.008568248,-0.010530589
686,0,0,0,0,-1.558577349,-0.985394083,0.695175661,-0.688680193,0.229435724,0.479553106,0.508962342,0.626594525,-0.822094395,0.166172057
687,0,0,0.554142872,0.554142872,-1.127536383,0.120669267,-0.550512916,-0.267275744,-0.645406365,0.498420777,0.781200589,-0.065010134,-0.281781016,0.018893483
688,0.38216236,0,0.38216236,0,-1.717012879,0.98364879,-0.289119307,0.684558326,-0.392878391,0.245662409,0.202454601,0.985874493,-0.355704449,-0.104908774
689,0.729369953,0,0.729369953,0.729369953,-2.663668228,1.226324528,0.497852722,-0.297515418,0.522902603,1.074386141,-0.206936457,-0.19506318,0.20899414,-0.066149399
690,0,0,0,0.239046121,-1.393486817,-0.980985796,0.896275288,-0.778976083,1.064321308,0.868378088,0.569725254,-0.091103956,-1.428141175,0.26673926
691,0,0,0,0,-1.549154902,-0.984538087,0.696087065,-0.686416447,0.239807174,0.48531003,0.503734814,0.641049576,-0.822039882,0.160823095
692,0.866340378,0,0.866340378,0,0.025897963,0.427660863,0.022393641,0.631634548,-0.457099008,-0.349032609,-0.122646252,2.44551037,-1.132535078,-0.038714206
693,0,0,0,0.624564892,-3.322016586,-0.728765862,0.13344188,-1.54911201,-0.52609313,0.488886238,1.072242429,-0.858363644,-0.091826173,0.253997479
694,0,0,0,0.169418822,-2.975835193,0.998837983,-0.491621728,0.213441527,-0.425783875,0.671335766,0.616350972,-0.368415457,0.207263355,-0.079803772
695,0,0,0,0,-1.697287768,1.006566767,-0.611392768,0.497650143,-0.421235972,0.577646878,0.538249361,-0.125747442,-0.050021269,-0.063006076
696,0,0,0,0,-0.039352507,-0.387938441,0.144073892,-0.211355096,0.535730817,0.776868487,0.256430695,1.226599319,-0.712213314,-0.192426911
697,0,0,0,0.990756414,-4.115614127,-0.546424743,-0.187922903,-1.993400324,-0.7343905,0.627405944,1.282070311,-1.3981503,0.339940948,0.180071464
698,0,0,0,0,-0.269157948,-0.613866017,0.433390153,-0.316699854,0.892408078,0.91803656,0.120459179,1.646452476,-0.758660664,-0.286836664
699,0,0,0,0,-1.688703313,-1.035281832,0.757510907,-0.711617515,0.130824702,0.371411186,0.650790986,0.105203204,-1.022077801,0.361723684
700,0,0,0.895352752,0.895352752,-2.230279168,0.008442175,-0.433446709,-0.500062144,-0.70109638,0.59277374,0.848303509,-0.069768852,-0.104200826,-0.028751461
